"treeID","x","y","height_m"
1,712465,3910058.6,2.08800005912781
2,712467.4,3910057.8,3.02299904823303
3,712469.8,3910056.2,3.22900140285492
4,712477.8,3910053.8,4.92899751663208
5,712479.8,3910053,3.72399997711182
6,712482.6,3910051.8,2.89000272750854
7,712471.8,3910044.6,2.04200100898743
8,712467.4,3910043.8,9.91800022125244
9,712463.4,3910043.4,8.09699821472168
10,712473.8,3910043.4,6.20500230789185
11,712458.2,3910043,10.7795000076294
12,712479.8,3910041.8,2.61599802970886
13,712476.6,3910041.4,7.62599658966064
14,712468.2,3910040.6,9.60200309753418
15,712483,3910040.6,2.16199707984924
16,712458.2,3910040.2,11.9859991073608
17,712466.2,3910040.2,9.49199867248535
18,712473.4,3910039.8,9.91200160980225
19,712455.8,3910039.4,12.7230024337769
20,712455,3910037.8,12.8439998626709
21,712467.8,3910037.8,9.99300098419189
22,712475,3910037.4,6.68400192260742
23,712490.6,3910037.4,12.4779996871948
24,712489.4,3910036.6,12.4930019378662
25,712487.8,3910035.4,12.3279981613159
26,712498.2,3910035.4,7.08799648284912
27,712455.4,3910035,12.4270000457764
28,712499.8,3910034.6,7.10799694061279
29,712462.6,3910034.2,8.2869987487793
30,712447,3910033.4,7.84299850463867
31,712451.8,3910032.2,10.8579993247986
32,712491.8,3910032.2,13.7409973144531
33,712472.2,3910031.8,7.5350022315979
34,712475,3910030.6,10.419002532959
35,712456.6,3910030.2,6.5740008354187
36,712477.4,3910030.2,10.7769994735718
37,712449.8,3910029.8,11.0649995803833
38,712464.2,3910029.8,5.28499937057495
39,712486.2,3910029.8,12.6730012893677
40,712470.6,3910029.4,2.86799931526184
41,712466.2,3910029,4.96999931335449
42,712494.2,3910029,18.6640033721924
43,712474.6,3910028.2,9.26000308990479
44,712507,3910028.2,2.61200141906738
45,712448.6,3910027.8,9.63200187683105
46,712519.8,3910027.8,6.59200191497803
47,712457,3910027.4,11.9129972457886
48,712468.6,3910027,4.05600166320801
49,712473.8,3910026.6,9.7420015335083
50,712498.6,3910026.6,10.0900001525879
51,712447,3910026.2,9.18300151824951
52,712465,3910026.2,3.42800188064575
53,712475.4,3910026.2,9.73900032043457
54,712480.2,3910025.8,10.0990037918091
55,712491.4,3910025.4,11.5949993133545
56,712514.2,3910025.4,10.068998336792
57,712489.4,3910024.6,9.93399715423584
58,712503,3910024.6,2.10400223731995
59,712465.8,3910024.2,3.73000192642212
60,712484.2,3910024.2,9.08999919891357
61,712444.2,3910023.8,10.1179971694946
62,712521.8,3910023.8,8.02700328826904
63,712470.6,3910023.4,4.47499895095825
64,712445.8,3910022.6,10.2479963302612
65,712484.6,3910022.6,9.76499843597412
66,712477,3910022.2,9.38399887084961
67,712454.6,3910021.8,5.08199787139893
68,712530.6,3910020.6,2.24800157546997
69,712540.6,3910020.6,14.5679979324341
70,712481,3910020.2,12.4500017166138
71,712484.6,3910020.2,8.29700374603271
72,712443.8,3910019.8,9.97000217437744
73,712468.6,3910019.8,7.2680025100708
74,712472.6,3910019.8,7.00499725341797
75,712526.6,3910019.8,2.59400320053101
76,712448.6,3910019,8.49199962615967
77,712458.2,3910019,6.79199838638306
78,712509,3910018.6,13.7849979400635
79,712518.6,3910018.2,12.0719976425171
80,712522.2,3910018.2,11.895001411438
81,712442.2,3910017.8,10.5659990310669
82,712523.8,3910017.8,12.2200031280518
83,712439.4,3910017.4,7.76600027084351
84,712465.4,3910016.6,12.4980030059814
85,712511.8,3910016.6,13.798996925354
86,712446.2,3910015.8,8.34200191497803
87,712473.8,3910015.8,2.50299906730652
88,712519,3910015.8,11.2180004119873
89,712439.4,3910015.4,8.7659969329834
90,712485.4,3910015.4,12.1440029144287
91,712527.8,3910015.4,10.6269960403442
92,712524.6,3910015,12.1570014953613
93,712496.2,3910014.6,13.5170011520386
94,712539.8,3910014.2,17.625997543335
95,712457,3910013.8,12.4549989700317
96,712469.4,3910013.8,2.47500085830688
97,712485.8,3910013.8,12.3099975585938
98,712439,3910013.4,8.30699729919434
99,712455,3910013.4,12.6279993057251
100,712526.6,3910013.4,10.144003868103
101,712491,3910013,3.92299866676331
102,712542.2,3910013,18.6700019836426
103,712483.8,3910012.6,12.3159971237183
104,712544.2,3910012.6,18.7210006713867
105,712441.4,3910012.2,9.22100353240967
106,712448.2,3910011.8,6.5949969291687
107,712438.2,3910011.4,8.26599979400635
108,712550.6,3910011,17.2430000305176
109,712561.8,3910011,2.18900060653687
110,712529.4,3910010.6,3.54600024223328
111,712533.4,3910010.2,9.65799713134766
112,712446.2,3910009.8,9.22800159454346
113,712455.8,3910009.8,10.6509981155396
114,712479.4,3910009.8,8.2350025177002
115,712489.4,3910009.8,2.2599995136261
116,712522.6,3910009.8,22.9990005493164
117,712541.8,3910008.6,17.491003036499
118,712444.2,3910008.2,8.29199981689453
119,712561.4,3910008.2,3.4940037727356
120,712434.6,3910007.8,9.02400207519531
121,712471.4,3910007.8,7.52699995040894
122,712481.8,3910007.8,7.88899850845337
123,712559.4,3910007.4,2.27599787712097
124,712430.2,3910007,4.9590015411377
125,712458.6,3910007,11.335000038147
126,712457,3910005.8,10.7560014724731
127,712468.2,3910005.8,7.45600366592407
128,712489,3910005.8,3.00399804115295
129,712513.4,3910005.8,5.24100303649902
130,712533,3910005.8,11.3489980697632
131,712570.6,3910005.8,9.85099601745605
132,712484.6,3910005.4,2.20600152015686
133,712463,3910005,3.28899836540222
134,712519.8,3910005,7.67000198364258
135,712434.2,3910004.6,7.63399696350098
136,712478.6,3910003.8,7.19399833679199
137,712521,3910003.8,7.70899820327759
138,712574.2,3910003.8,9.73699760437012
139,712469,3910003.4,7.24699687957764
140,712582.2,3910003.4,2.09900307655334
141,712530.6,3910003,5.65700101852417
142,712570.2,3910003,10.157998085022
143,712556.6,3910002.6,4.56999635696411
144,712447.4,3910002.2,18.0270004272461
145,712472.6,3910002.2,5.17900228500366
146,712479.4,3910002.2,7.07699680328369
147,712518.6,3910002.2,6.83700227737427
148,712431.8,3910001.8,8.07099723815918
149,712465.4,3910001.8,5.34899997711182
150,712555,3910001.4,4.44499969482422
151,712577.4,3910001.4,5.27099657058716
152,712476.2,3910001,6.99499988555908
153,712522.6,3910001,7.36600255966187
154,712568.2,3910001,9.07400131225586
155,712512.2,3910000.6,23.8299999237061
156,712552.2,3910000.2,4.64499711990356
157,712441,3909999.8,10.4899988174438
158,712472.6,3909999.8,5.21799659729004
159,712477.8,3909999.8,7.28000116348267
160,712519,3909999.8,7.42300081253052
161,712431,3909999.4,7.55000305175781
162,712528.6,3909999,6.39500284194946
163,712537.4,3909999,8.721999168396
164,712540.2,3909999,9.5709981918335
165,712584.6,3909999,4.215003490448
166,712518.2,3909998.6,7.36199808120728
167,712531.8,3909998.2,7.14699935913086
168,712587.8,3909998.2,4.69800090789795
169,712519.4,3909997.8,7.42600154876709
170,712558.2,3909997.4,5.66800308227539
171,712568.2,3909997.4,8.20199966430664
172,712534.6,3909997,7.93099737167358
173,712563.4,3909997,9.06199741363525
174,712523.4,3909996.6,5.2749981880188
175,712545,3909996.6,7.6469988822937
176,712561.8,3909996.6,8.89099884033203
177,712435,3909996.2,5.40499639511108
178,712442.6,3909996.2,6.34599876403809
179,712536.6,3909995.8,8.79400253295898
180,712549,3909995.8,8.51299858093262
181,712603,3909995.8,2.11900234222412
182,712427.4,3909995.4,8.39800262451172
183,712450.2,3909995.4,10.2250003814697
184,712531.8,3909995.4,7.59400224685669
185,712599.4,3909995.4,7.17399835586548
186,712561.4,3909995,9.04599666595459
187,712564.2,3909995,8.669997215271
188,712595,3909995,7.92600250244141
189,712470.6,3909994.6,3.40699768066406
190,712606.2,3909994.6,2.05900287628174
191,712529.8,3909994.2,5.97200059890747
192,712558.2,3909993.8,5.11400270462036
193,712457,3909993.4,6.97100210189819
194,712437.8,3909993,4.17099857330322
195,712451.8,3909993,11.3179988861084
196,712472.6,3909993,3.42600131034851
197,712523.8,3909993,3.49999809265137
198,712593.8,3909993,7.79499673843384
199,712535,3909992.6,6.98400020599365
200,712560.6,3909992.6,5.85099697113037
201,712611.4,3909992.6,2.10299921035767
202,712443.4,3909992.2,6.96100091934204
203,712539.8,3909992.2,8.10000038146973
204,712582.6,3909992.2,5.70700120925903
205,712613,3909992.2,2.06800293922424
206,712530.2,3909991.8,3.53900074958801
207,712537.4,3909991.8,8.39900207519531
208,712429.4,3909991.4,10.0820016860962
209,712450.2,3909991.4,11.0790023803711
210,712551.4,3909991.4,7.83600330352783
211,712580.2,3909991.4,6.07000064849854
212,712598.2,3909991.4,9.71100234985352
213,712425,3909991,7.36600112915039
214,712433,3909991,6.31500101089478
215,712547.4,3909991,7.36899948120117
216,712575.4,3909991,7.61999988555908
217,712452.6,3909990.6,10.8649978637695
218,712454.2,3909990.6,10.9079990386963
219,712532.6,3909990.6,4.22200298309326
220,712557,3909990.6,5.47100305557251
221,712603.4,3909990.6,3.45600366592407
222,712543.8,3909990.2,6.24499845504761
223,712535.8,3909989.8,7.49300241470337
224,712549.8,3909989.8,7.78900337219238
225,712558.6,3909989.8,5.59100389480591
226,712583.4,3909989.8,6.058997631073
227,712445.8,3909989.4,11.1440000534058
228,712449.4,3909989.4,13.0339975357056
229,712483.8,3909989.4,7.61999607086182
230,712540.2,3909989.4,7.4490008354187
231,712423.8,3909989,8.80300235748291
232,712432.2,3909989,8.93200302124023
233,712456.6,3909988.6,11.1289958953857
234,712425.8,3909987.8,9.34100246429443
235,712488.6,3909987.8,10.9300012588501
236,712510.6,3909987.8,9.49099922180176
237,712549.8,3909987.8,7.4269962310791
238,712429.8,3909987.4,9.23400402069092
239,712561,3909987.4,4.16800022125244
240,712517.4,3909987,15.2560024261475
241,712423,3909986.6,10.0679969787598
242,712448.6,3909986.6,11.613000869751
243,712463.8,3909986.6,15.0990028381348
244,712479.4,3909986.6,3.75399732589722
245,712493.8,3909986.6,10.1270008087158
246,712616.2,3909986.6,6.72100210189819
247,712434.6,3909985.8,7.51099729537964
248,712491.4,3909985.8,10.5810012817383
249,712609.8,3909985.8,9.07200241088867
250,712622.6,3909985.8,7.7869987487793
251,712534.6,3909985.4,4.43400192260742
252,712565.8,3909985.4,2.64099740982056
253,712439,3909985,8.32499885559082
254,712430.2,3909984.6,8.90100193023682
255,712478.2,3909984.6,4.09700059890747
256,712494.2,3909984.6,10.835000038147
257,712557.8,3909984.6,4.55099725723267
258,712445.8,3909984.2,9.54399681091309
259,712449.8,3909984.2,10.9420003890991
260,712628.2,3909984.2,4.02399778366089
261,712420.6,3909983.8,8.95500087738037
262,712513,3909983.8,13.8339967727661
263,712593,3909983.8,8.75100040435791
264,712609.8,3909983.8,9.61799716949463
265,712486.2,3909983.4,11.2539968490601
266,712580.2,3909983.4,6.25199890136719
267,712608.2,3909983.4,9.70200252532959
268,712567,3909983,2.66399765014648
269,712577.8,3909983,6.33499908447266
270,712508.6,3909982.6,11.9930000305176
271,712433.4,3909982.2,8.4950008392334
272,712593,3909982.2,8.93300247192383
273,712613.4,3909982.2,9.23200225830078
274,712428.2,3909981.8,7.25100135803223
275,712436.6,3909981.8,7.47299671173096
276,712493.4,3909981.8,11.6189994812012
277,712616.6,3909981.8,9.4379997253418
278,712504.6,3909981.4,15.0559959411621
279,712522.2,3909981.4,21.6029968261719
280,712529,3909981.4,6.11800146102905
281,712583.8,3909981.4,5.47000026702881
282,712620.6,3909981.4,9.07399845123291
283,712640.2,3909981.4,2.04899978637695
284,712450.6,3909981,6.16700315475464
285,712474.2,3909980.6,2.55399703979492
286,712631.4,3909980.6,3.5159969329834
287,712641.8,3909980.6,2.04399800300598
288,712414.2,3909980.2,7.95999622344971
289,712478.6,3909980.2,3.64599895477295
290,712587.8,3909980.2,3.5640025138855
291,712619,3909980.2,9.9330005645752
292,712487.4,3909979.8,10.4919967651367
293,712501.8,3909979.8,14.7859973907471
294,712635.8,3909979.8,7.8759970664978
295,712445.4,3909979.4,7.34399604797363
296,712475,3909979.4,3.90400218963623
297,712485.4,3909979.4,10.8240041732788
298,712578.2,3909979.4,5.68000221252441
299,712583.4,3909979.4,5.58299827575684
300,712603.8,3909979.4,11.394998550415
301,712489,3909978.6,10.4919967651367
302,712491.8,3909978.6,10.8770036697388
303,712595,3909978.6,7.98100328445435
304,712637.8,3909978.6,6.31199741363525
305,712413.8,3909978.2,8.50800132751465
306,712427.8,3909978.2,7.92399644851685
307,712434.2,3909978.2,4.32000160217285
308,712600.6,3909978.2,10.8950033187866
309,712642.2,3909978.2,5.10700225830078
310,712465.4,3909977.8,4.25000286102295
311,712513.4,3909977.8,6.79800224304199
312,712607.8,3909977.8,11.2160034179688
313,712416.2,3909977,9.50999641418457
314,712505.4,3909977,20.5310020446777
315,712588.2,3909977,4.47400236129761
316,712599,3909977,10.8199968338013
317,712491,3909976.6,10.4830017089844
318,712413.8,3909976.2,8.53900146484375
319,712421.8,3909976.2,2.75999808311462
320,712489,3909976.2,10.1290006637573
321,712607.4,3909976.2,11.6790018081665
322,712645.8,3909976.2,5.98099899291992
323,712559.4,3909975.8,7.83399868011475
324,712619.4,3909975.8,10.4019994735718
325,712452.6,3909975.4,13.2989988327026
326,712535,3909975.4,10.342001914978
327,712601.4,3909975.4,10.4420003890991
328,712630.2,3909975.4,6.05500030517578
329,712415.8,3909975,8.67999935150146
330,712499.4,3909975,17.9709987640381
331,712540.6,3909975,12.745997428894
332,712611.4,3909975,12.2120027542114
333,712441.8,3909974.6,16.6389999389648
334,712455.4,3909974.6,13.6519985198975
335,712471.8,3909974.6,2.26100087165833
336,712477.8,3909974.6,10.4839992523193
337,712486.6,3909974.6,9.85199928283691
338,712543.8,3909974.6,13.499002456665
339,712583,3909974.6,7.18099784851074
340,712435,3909974.2,4.16300010681152
341,712503.4,3909974.2,20.0519981384277
342,712620.2,3909974.2,10.5099973678589
343,712648.6,3909974.2,5.52299690246582
344,712459.4,3909973.8,12.8360004425049
345,712519,3909973.8,22.8660011291504
346,712645.8,3909973.8,5.75699901580811
347,712454.2,3909973.4,13.871997833252
348,712505.4,3909973.4,19.5080032348633
349,712529.4,3909973.4,11.1750001907349
350,712627.4,3909973.4,7.28099632263184
351,712481.4,3909973,11.5530023574829
352,712581.4,3909973,6.55499601364136
353,712630.6,3909973,6.62599658966064
354,712649.4,3909973,5.48099946975708
355,712653.8,3909973,5.97400236129761
356,712658.6,3909973,2.12499618530273
357,712451.8,3909972.6,14.3519983291626
358,712457.4,3909972.6,13.6770009994507
359,712517.8,3909972.6,22.8050022125244
360,712547,3909972.6,12.5189971923828
361,712608.2,3909972.6,11.786997795105
362,712612.2,3909972.6,11.9919996261597
363,712444.2,3909972.2,18.6049957275391
364,712491,3909972.2,11.0739965438843
365,712493.8,3909972.2,10.7399997711182
366,712594.2,3909972.2,4.22999668121338
367,712615.4,3909972.2,11.5599966049194
368,712534.2,3909971.8,12.9569978713989
369,712492.6,3909971.4,10.7530031204224
370,712578.2,3909971.4,6.20099878311157
371,712621.8,3909971.4,9.82200241088867
372,712413.4,3909971,2.1320013999939
373,712454.2,3909971,14.9899988174438
374,712457.8,3909971,13.7599992752075
375,712496.2,3909971,7.69100093841553
376,712537.4,3909971,12.3829975128174
377,712627.8,3909971,7.21900224685669
378,712424.2,3909970.6,15.4139966964722
379,712490.6,3909970.6,11.1470022201538
380,712554.2,3909970.6,11.8039999008179
381,712579.8,3909970.6,6.46499919891357
382,712635,3909970.6,4.05300188064575
383,712479,3909970.2,10.8660020828247
384,712660.2,3909969.8,4.67300224304199
385,712669,3909969.8,9.35600280761719
386,712415.4,3909969.4,3.09400296211243
387,712451,3909969,14.2259979248047
388,712460.2,3909969,12.5210018157959
389,712543.8,3909969,11.3600015640259
390,712667,3909969,9.86699676513672
391,712527,3909968.6,11.2480030059814
392,712530.2,3909968.6,12.4499998092651
393,712551.8,3909968.6,10.5469980239868
394,712563,3909968.6,10.51500415802
395,712673.4,3909968.6,6.09099721908569
396,712414.2,3909968.2,2.58399891853333
397,712435,3909968.2,7.03799867630005
398,712457.8,3909968.2,12.9359998703003
399,712661,3909968.2,3.6659984588623
400,712480.2,3909967.8,9.76399898529053
401,712538.6,3909967.8,11.8169984817505
402,712581,3909967.8,3.23000073432922
403,712584.2,3909967.8,3.46300315856934
404,712606.6,3909967.8,9.88800144195557
405,712634.6,3909967.4,2.33199739456177
406,712521.4,3909967,9.47099781036377
407,712550.2,3909967,10.5279960632324
408,712585.4,3909967,3.3800003528595
409,712671.4,3909967,7.12299680709839
410,712549,3909966.6,10.4980001449585
411,712483.8,3909966.2,10.0490026473999
412,712583.8,3909966.2,3.47799634933472
413,712597,3909966.2,4.17600107192993
414,712632.6,3909966.2,2.35199642181396
415,712524.6,3909965.8,9.22800159454346
416,712664.6,3909965.8,9.8560037612915
417,712432.6,3909965.4,6.57099771499634
418,712455,3909965.4,9.63200283050537
419,712559,3909965.4,9.71500110626221
420,712566.2,3909965.4,9.82299995422363
421,712625.4,3909965.4,3.22299647331238
422,712452.2,3909965,9.44500160217285
423,712457,3909965,9.72799968719482
424,712516.2,3909965,10.915002822876
425,712555.4,3909965,7.82200145721436
426,712562.2,3909965,10.4860038757324
427,712468.6,3909964.6,10.1149978637695
428,712501.8,3909964.6,5.36400079727173
429,712627.4,3909964.6,3.25499892234802
430,712637,3909964.6,2.3549976348877
431,712643,3909964.6,3.3769998550415
432,712649.8,3909964.6,5.97399663925171
433,712480.6,3909964.2,10.7060012817383
434,712517,3909963.8,10.8829975128174
435,712526.2,3909963.8,9.07499980926514
436,712653.8,3909963.8,6.62499952316284
437,712679.4,3909963.8,2.15100193023682
438,712429.8,3909963.4,6.2939977645874
439,712445.4,3909963.4,3.67200136184692
440,712495.4,3909963.4,7.298996925354
441,712635.4,3909963.4,2.75599884986877
442,712688.6,3909963.4,4.47800064086914
443,712463.8,3909963,11.9640007019043
444,712470.6,3909963,11.2419996261597
445,712477.8,3909963,11.5749988555908
446,712485.8,3909963,8.58300113677979
447,712500.6,3909963,6.12400102615356
448,712515,3909963,11.1500024795532
449,712407,3909962.6,2.0720009803772
450,712453.4,3909962.6,3.80899977684021
451,712661,3909962.6,2.15799999237061
452,712512.6,3909962.2,9.72900295257568
453,712625,3909962.2,2.63199782371521
454,712683,3909962.2,2.21999835968018
455,712482.6,3909961.8,10.5589971542358
456,712521,3909961.8,10.0290031433105
457,712552.6,3909961.8,9.21899890899658
458,712664.2,3909961.8,5.02600002288818
459,712450.2,3909961.4,4.77400016784668
460,712455.8,3909961.4,3.40400218963623
461,712478.6,3909961.4,11.4259977340698
462,712684.6,3909961.4,2.20899677276611
463,712406.2,3909961,2.10000085830688
464,712437.4,3909961,5.52999877929688
465,712439.4,3909961,6.37299919128418
466,712464.2,3909961,12.5830001831055
467,712472.6,3909961,11.4410018920898
468,712689,3909961,4.15000247955322
469,712645.8,3909960.6,6.3619966506958
470,712686.2,3909960.6,2.20499849319458
471,712447.8,3909960.2,3.61199808120728
472,712508.2,3909960.2,7.80499744415283
473,712519,3909960.2,9.46900367736816
474,712535.4,3909960.2,7.13599920272827
475,712495.8,3909959.8,7.51999711990356
476,712555.4,3909959.8,11.8670034408569
477,712458.2,3909959.4,3.29900026321411
478,712511.8,3909959.4,9.5469970703125
479,712520.6,3909959.4,9.11399745941162
480,712547.8,3909959.4,10.5469970703125
481,712635.8,3909959.4,3.13799810409546
482,712655.4,3909959.4,7.93900012969971
483,712481.8,3909959,10.6830005645752
484,712525,3909959,7.38799810409546
485,712576.6,3909959,9.03500366210938
486,712487.8,3909958.6,9.64399909973145
487,712492.6,3909958.6,6.19600248336792
488,712515,3909958.6,10.1230020523071
489,712485,3909958.2,9.70100021362305
490,712571,3909958.2,11.6259994506836
491,712596.6,3909958.2,2.95100092887878
492,712613,3909958.2,5.16199636459351
493,712688.2,3909958.2,2.09500288963318
494,712429,3909957.8,8.10500049591064
495,712469,3909957.8,14.7929992675781
496,712473,3909957.8,11.4019966125488
497,712476.2,3909957.8,13.0830011367798
498,712478.2,3909957.8,13.355001449585
499,712499,3909957.8,6.16000318527222
500,712501.4,3909957.8,5.11999988555908
501,712535.4,3909957.8,7.82200241088867
502,712594.2,3909957.8,3.08500194549561
503,712619,3909957.8,4.08400058746338
504,712444.6,3909957.4,4.22100353240967
505,712483.4,3909957.4,10.1749982833862
506,712513,3909957.4,9.93200206756592
507,712520.2,3909957.4,8.71799945831299
508,712546.2,3909957.4,10.7700023651123
509,712488.2,3909957,9.47099876403809
510,712496.6,3909957,6.23800134658813
511,712517.8,3909957,8.8310022354126
512,712552.6,3909957,14.5800008773804
513,712561,3909957,15.7579965591431
514,712583.8,3909957,9.67100238800049
515,712591.8,3909957,3.51899719238281
516,712633.8,3909957,4.11299800872803
517,712466.6,3909956.6,16.7890033721924
518,712540.2,3909956.6,5.552001953125
519,712556.6,3909956.6,15.6590003967285
520,712566.2,3909956.6,16.3669986724854
521,712439,3909956.2,11.7049980163574
522,712489.8,3909956.2,8.65800094604492
523,712529,3909956.2,7.63699913024902
524,712578.6,3909956.2,11.0129976272583
525,712585.4,3909956.2,9.88900089263916
526,712674.6,3909956.2,2.5060031414032
527,712688.2,3909956.2,2.06700277328491
528,712419.4,3909955.8,2.40700244903564
529,712464.2,3909955.8,17.6070022583008
530,712469,3909955.8,14.6950016021729
531,712543.8,3909955.8,8.90699768066406
532,712597.4,3909955.8,3.68400239944458
533,712612.6,3909955.8,4.86800003051758
534,712619,3909955.8,4.23699760437012
535,712635.4,3909955.8,3.80000066757202
536,712526.2,3909955.4,7.58799934387207
537,712672.2,3909955.4,2.50299644470215
538,712452.2,3909954.6,2.03000330924988
539,712483,3909954.6,10.2049980163574
540,712579.4,3909954.6,10.5990009307861
541,712655.8,3909954.6,2.0509979724884
542,712487,3909954.2,9.47999858856201
543,712490.2,3909954.2,8.89100360870361
544,712528.6,3909954.2,7.85799789428711
545,712449.8,3909953.8,4.10900115966797
546,712464.2,3909953.8,16.3950023651123
547,712573,3909953.8,7.7630033493042
548,712457.8,3909953.4,5.31099796295166
549,712616.2,3909953.4,3.72699737548828
550,712618.6,3909953.4,4.12900114059448
551,712566.2,3909953,17.1529998779297
552,712607.8,3909953,4.41200065612793
553,712432.6,3909952.6,12.0190010070801
554,712453,3909952.6,3.32499957084656
555,712546.2,3909952.6,5.95899772644043
556,712560.6,3909952.6,12.0220022201538
557,712594.6,3909952.6,5.49999809265137
558,712430.2,3909952.2,12.3799962997437
559,712583.4,3909952.2,9.78900051116943
560,712554.2,3909951.8,15.5460023880005
561,712591,3909951.8,5.13100099563599
562,712675.8,3909951.8,2.08400344848633
563,712429,3909951.4,12.7879981994629
564,712491.4,3909951.4,6.18000173568726
565,712529.4,3909951.4,7.19700193405151
566,712687.8,3909951.4,2.21600222587585
567,712424.2,3909951,10.4689979553223
568,712559.8,3909950.6,11.3000011444092
569,712614.6,3909950.6,2.91999912261963
570,712435,3909950.2,13.1480007171631
571,712475,3909950.2,11.326997756958
572,712551.8,3909950.2,9.37300395965576
573,712432.6,3909949.8,13.6240005493164
574,712463.4,3909949.8,17.2290000915527
575,712483.4,3909949.8,9.10999774932861
576,712454.2,3909949.4,2.64199876785278
577,712556.6,3909949.4,6.5260009765625
578,712427.4,3909948.6,12.7809991836548
579,712414.6,3909948.2,5.70900249481201
580,712472.6,3909948.2,11.4729995727539
581,712487.4,3909948.2,6.97000122070312
582,712429.8,3909947.8,13.1759967803955
583,712433.8,3909947.8,13.5939970016479
584,712439,3909947.8,11.2590036392212
585,712600.6,3909947.8,3.18200349807739
586,712455.4,3909947.4,2.61999821662903
587,712605.4,3909947.4,2.24499702453613
588,712688.2,3909947.4,2.25199842453003
589,712477.4,3909947,12.6160020828247
590,712569.4,3909947,9.36599922180176
591,712461.8,3909946.6,15.1470022201538
592,712465.4,3909946.6,15.1030025482178
593,712467.4,3909946.6,13.4819993972778
594,712635.8,3909946.6,8.05499839782715
595,712481.4,3909946.2,7.91300249099731
596,712589,3909946.2,4.53500270843506
597,712633.4,3909946.2,8.29000377655029
598,712423.4,3909945.8,11.7599992752075
599,712427,3909945.8,12.4400014877319
600,712430.2,3909945.8,13.3470029830933
601,712435,3909945.8,13.5850038528442
602,712557.8,3909945.8,6.35000133514404
603,712591.8,3909945.4,3.72400236129761
604,712483.8,3909945,6.06299829483032
605,712561.8,3909945,8.4839973449707
606,712582.6,3909945,7.70900249481201
607,712426.6,3909944.6,12.5710029602051
608,712431,3909944.6,13.342999458313
609,712634.2,3909944.6,8.38400363922119
610,712681.8,3909944.6,8.29600238800049
611,712416.2,3909944.2,6.26000118255615
612,712453.8,3909944.2,2.53500270843506
613,712584.2,3909944.2,7.63999652862549
614,712573.4,3909943.8,3.23900008201599
615,712593.8,3909943.8,3.86099624633789
616,712620.2,3909943.8,2.25200009346008
617,712631,3909943.8,7.38999891281128
618,712676.6,3909943.8,12.8130035400391
619,712689,3909943.8,6.2069981098175
620,712424.6,3909943.4,12.7490005493164
621,712569.8,3909943.4,5.26300096511841
622,712580.2,3909943.4,7.25899887084961
623,712599.4,3909943.4,3.99299955368042
624,712664.2,3909943.4,7.69099760055542
625,712673.8,3909943.4,8.23499870300293
626,712428.6,3909943,13.1699981689453
627,712641.4,3909943,8.45600318908691
628,712577.4,3909942.6,5.61599731445312
629,712660.2,3909942.6,7.5630030632019
630,712671.4,3909942.6,5.53300285339355
631,712678.6,3909942.6,12.2410001754761
632,712420.6,3909942.2,10.4849977493286
633,712583.8,3909942.2,7.80200004577637
634,712656.6,3909942.2,7.16999912261963
635,712667.8,3909942.2,5.23800086975098
636,712683,3909942.2,8.69100093841553
637,712452.2,3909941.8,2.64100098609924
638,712688.6,3909941.4,6.57899856567383
639,712466.6,3909941,8.30900001525879
640,712589.4,3909941,7.34799671173096
641,712651.4,3909941,2.90700244903564
642,712680.2,3909941,12.3209981918335
643,712582.6,3909940.6,7.92699956893921
644,712602.2,3909940.6,2.6269965171814
645,712668.6,3909940.6,5.61600112915039
646,712468.2,3909940.2,8.06800365447998
647,712592.6,3909939.8,6.64900016784668
648,712635,3909939.8,2.0670006275177
649,712678.6,3909939.8,12.7049980163574
650,712463.8,3909939.4,8.14999771118164
651,712413.8,3909939,9.79400062561035
652,712435.8,3909939,13.1759967803955
653,712641.8,3909939,9.58299922943115
654,712645.4,3909939,8.06399917602539
655,712688.6,3909939,6.22500324249268
656,712431.8,3909938.6,14.2639989852905
657,712585,3909938.6,6.1349983215332
658,712649.4,3909938.6,2.85499811172485
659,712651.4,3909938.6,2.99100065231323
660,712679.8,3909938.6,12.4899969100952
661,712465.4,3909938.2,8.52399826049805
662,712589.8,3909938.2,5.9950008392334
663,712468.2,3909937.8,8.66100120544434
664,712581,3909937.8,4.93099975585938
665,712429.4,3909937.4,14.1449966430664
666,712439.8,3909937.4,13.2489986419678
667,712655.4,3909937.4,9.59900188446045
668,712663.4,3909937.4,13.109001159668
669,712437,3909937,13.742000579834
670,712587.8,3909937,5.17799997329712
671,712634.6,3909936.6,3.33599710464478
672,712669.8,3909936.6,4.77600240707397
673,712683.4,3909936.6,7.46399641036987
674,712679,3909936.2,12.5010013580322
675,712432.2,3909935.8,13.9689998626709
676,712681,3909935.8,9.76700019836426
677,712687,3909935.8,2.17399644851685
678,712427,3909935.4,9.57700157165527
679,712436.6,3909935.4,13.7199993133545
680,712667.8,3909935.4,9.721999168396
681,712677.4,3909935.4,12.4650001525879
682,712438.6,3909935,13.2090034484863
683,712451.4,3909935,12.6940031051636
684,712595.8,3909935,6.5290002822876
685,712419,3909934.6,4.6759991645813
686,712467.4,3909934.6,7.8120002746582
687,712662.6,3909934.6,14.2549982070923
688,712465.4,3909934.2,7.97900295257568
689,712602.2,3909934.2,7.02299690246582
690,712447.4,3909933.8,12.2890014648438
691,712599,3909933.4,7.28300094604492
692,712415.8,3909933,4.7459979057312
693,712435,3909933,13.2159996032715
694,712601,3909933,7.25699853897095
695,712626.6,3909933,2.91799783706665
696,712638.6,3909933,2.37700247764587
697,712655.4,3909933,5.71899747848511
698,712663.4,3909932.6,12.5169992446899
699,712442.6,3909932.2,10.0120010375977
700,712619.8,3909931.8,8.10300159454346
701,712426.2,3909931.4,9.16899871826172
702,712431,3909931.4,11.3389978408813
703,712446.6,3909931.4,7.14600038528442
704,712450.2,3909931.4,7.11500215530396
705,712454.2,3909930.6,5.34900331497192
706,712433.8,3909930.2,11.9660015106201
707,712615.4,3909930.2,9.3639965057373
708,712437.8,3909929.8,10.2759990692139
709,712616.6,3909929.4,9.47300338745117
710,712630.2,3909929.4,6.2519998550415
711,712601,3909929,6.25399875640869
712,712446.2,3909928.6,7.90299654006958
713,712449,3909928.6,6.7850022315979
714,712423,3909928.2,3.4800009727478
715,712469,3909928.2,8.67900085449219
716,712472.2,3909928.2,7.91699838638306
717,712656.6,3909928.2,5.62499856948853
718,712684.2,3909928.2,2.12599849700928
719,712417.8,3909927.8,2.63300085067749
720,712670.6,3909927.8,8.73299884796143
721,712470.2,3909927.4,8.63399600982666
722,712628.6,3909927.4,6.4929986000061
723,712631,3909927.4,6.15200233459473
724,712683,3909927,2.1299991607666
725,712425.8,3909926.6,5.69500350952148
726,712447,3909926.6,7.22399806976318
727,712467.4,3909926.6,8.47299671173096
728,712433.8,3909926.2,9.40800094604492
729,712439.8,3909926.2,3.08700180053711
730,712423.8,3909925.8,5.72100353240967
731,712422.6,3909925.4,5.60099840164185
732,712418.6,3909925,2.74400091171265
733,712426.6,3909925,3.29200315475464
734,712627,3909925,6.13200092315674
735,712681,3909925,2.12200331687927
736,712468.2,3909924.6,8.45300006866455
737,712448.2,3909924.2,7.85199975967407
738,712470.6,3909924.2,8.2659969329834
739,712419,3909923.8,2.76700305938721
740,712636.6,3909923.4,3.7559974193573
741,712639.8,3909923.4,3.40600085258484
742,712419.4,3909922.6,2.8280029296875
743,712427,3909922.6,3.36300134658813
744,712631.4,3909922.6,3.70599794387817
745,712425.4,3909922.2,3.32899689674377
746,712446.2,3909922.2,7.98599815368652
747,712452.2,3909921.8,8.34799671173096
748,712419.8,3909921.4,2.88600373268127
749,712424.2,3909921.4,3.29199647903442
750,712677.8,3909921.4,5.96700191497803
751,712447.8,3909921,7.55699729919434
752,712427.8,3909920.6,3.35100126266479
753,712474.2,3909920.6,8.07799911499023
754,712420.2,3909920.2,2.79799699783325
755,712450.6,3909920.2,8.16499805450439
756,712425.4,3909919.8,3.32100200653076
757,712420.6,3909919,2.89699721336365
758,712471.8,3909919,8.26899814605713
759,712429,3909918.6,3.32399702072144
760,712446.6,3909918.6,7.61100006103516
761,712469.8,3909918.6,8.24900054931641
762,712628.6,3909918.6,2.01500153541565
763,712437.4,3909918.2,10.6769962310791
764,712421,3909917.8,2.9189989566803
765,712427,3909917.8,3.3129997253418
766,712439.8,3909917,10.0859975814819
767,712456.2,3909917,3.95100069046021
768,712429.4,3909916.2,3.3620011806488
769,712461.8,3909916.2,11.7110004425049
770,712638.2,3909916.2,2.23200225830078
771,712663,3909916.2,6.10999965667725
772,712421.8,3909915.8,2.77300357818604
773,712427.4,3909915.4,3.33999967575073
774,712457.4,3909915.4,3.86699938774109
775,712661.4,3909915.4,6.18000316619873
776,712445.4,3909915,11.370002746582
777,712422.2,3909914.6,2.88899779319763
778,712438.6,3909914.2,8.02099800109863
779,712430.6,3909913.8,3.28800010681152
780,712422.6,3909913.4,2.87899994850159
781,712451.4,3909913.4,8.12499904632568
782,712423,3909912.2,2.91299891471863
783,712463.4,3909912.2,7.7710018157959
784,712460.2,3909911.8,7.42800378799438
785,712423.4,3909911,3.01699709892273
786,712461.4,3909909.8,6.62899780273438
787,712447,3909909.4,11.5899982452393
788,712439.8,3909908.6,10.9209966659546
789,712445.4,3909908.2,12.2469968795776
790,712450.2,3909908.2,9.73299980163574
791,712462.2,3909908.2,6.56799793243408
792,712447.4,3909907.8,11.5359973907471
793,712436.6,3909906.6,11.4579992294312
794,712440.2,3909905.4,12.5710039138794
795,712456.6,3909905.4,7.95200347900391
796,712469.8,3909905.4,4.89599657058716
797,712449,3909904.6,12.0289964675903
798,712434.2,3909904.2,7.80500078201294
799,712447.4,3909904.2,11.9530029296875
800,712452.6,3909904.2,8.79499816894531
801,712446.2,3909902.6,11.4990005493164
802,712441,3909901.4,11.2880029678345
803,712453.4,3909901.4,10.2329978942871
804,712460.2,3909901.4,4.80900239944458
805,712437,3909901,10.350001335144
806,712444.2,3909899.4,12.350001335144
807,712449.4,3909899,12.346999168396
808,712440.2,3909898.6,11.8590030670166
809,712435.4,3909897,10.1269979476929
810,712447,3909897,11.2149991989136
811,712444.6,3909896.2,10.1090030670166
812,712436.2,3909895.4,10.2119998931885
813,712442.2,3909895.4,10.9980020523071
814,712450.6,3909891,2.33500337600708
