OBJECTID,Speed (km/h),Direction of travel (°),Compass reading (°),Position source type,Receiver Name,Horizontal Accuracy (m),Vertical Accuracy (m),Latitude,Longitude,Altitude,Fix Time,GlobalID,Tree_Label,ground truth height,dbh ground truth,Common Name,Notes,Number of Stems,PDOP,HDOP,VDOP,Fix Type,Correction Age,Station ID,Number of Satellites,Average Horizontal Accuracy (m),Average Vertical Accuracy (m),Averaged Positions,Standard Deviation (m),CreationDate,Creator,EditDate,Editor,x,y
4,0,305.4,235.9141083,2,iPhone 16e,10,19,35.08442159,-120.5339167,85.7,8/18/2026 15:43,69d12e84-751d-47f1-9d18-7566e677b518,1.2,3,16.7,,,,,,,,,,,,,,,8/18/2026 15:44,hosteen@calpoly.edu_CalPoly,8/18/2026 15:50,hosteen@calpoly.edu_CalPoly,-120.5339167,35.08442159
5,0,286.4,252.6785126,2,iPhone 16e,10,19,35.08439377,-120.5339596,87,8/18/2026 15:45,1ca06089-8dea-438b-881a-a017ea54cc23,1.1,2.7,16.5,,,1,,,,,,,,,,,,8/18/2026 15:47,hosteen@calpoly.edu_CalPoly,8/18/2026 15:47,hosteen@calpoly.edu_CalPoly,-120.5339596,35.08439377
6,0,212.2,119.9451904,2,iPhone 16e,10,19,35.08445835,-120.5338792,86.9,8/18/2026 15:52,5c31601c-1f9c-4ba1-a697-04ba569e25ba,1.3,3,19,,,,,,,,,,,,,,,8/18/2026 15:55,hosteen@calpoly.edu_CalPoly,8/18/2026 15:55,hosteen@calpoly.edu_CalPoly,-120.5338792,35.08445835
7,0,8,138.5431366,2,iPhone 16e,10,19,35.08449252,-120.5338367,84.3,8/18/2026 15:58,c9bc0680-ba0f-4367-a4b6-c586255fe131,1.4,2.5,20.8,,,,,,,,,,,,,,,8/18/2026 16:01,hosteen@calpoly.edu_CalPoly,8/18/2026 16:01,hosteen@calpoly.edu_CalPoly,-120.5338367,35.08449252
8,0.1852,272.8,313.2029724,2,iPhone 16e,10,19,35.08432328,-120.5339511,87.1,8/18/2026 16:02,9eda1e8a-34c0-4076-8c92-0ad48a8f858c,1.5,2.9,18.2,,,,,,,,,,,,,,,8/18/2026 16:05,hosteen@calpoly.edu_CalPoly,8/18/2026 16:05,hosteen@calpoly.edu_CalPoly,-120.5339511,35.08432328
9,0,230.8,168.4249573,2,iPhone 16e,10,19,35.08435735,-120.5339127,87.2,8/18/2026 16:05,2766ae39-06b9-44a3-b05d-2228bd1b0ddd,1.6,2.6,17.7,,,,,,,,,,,,,,,8/18/2026 16:08,hosteen@calpoly.edu_CalPoly,8/18/2026 16:08,hosteen@calpoly.edu_CalPoly,-120.5339127,35.08435735
10,0.1852,241.1,145.5761566,2,iPhone 16e,10,19,35.08438573,-120.5338619,88.4,8/18/2026 16:09,c58c3287-7ee3-4470-b049-fc25a93d539a,1.7,2.9,19,,,,,,,,,,,,,,,8/18/2026 16:10,hosteen@calpoly.edu_CalPoly,8/18/2026 16:10,hosteen@calpoly.edu_CalPoly,-120.5338619,35.08438573
11,0.1852,151.4,182.690506,2,iPhone 16e,10,19,35.08441978,-120.5338262,86,8/18/2026 16:11,f595bcbe-e245-46a6-b4b1-bf4f828be3ea,1.8,2.9,19.2,,,,,,,,,,,,,,,8/18/2026 16:13,hosteen@calpoly.edu_CalPoly,8/18/2026 16:13,hosteen@calpoly.edu_CalPoly,-120.5338262,35.08441978
12,0.3704,133.8,238.0649414,2,iPhone 16e,10,19,35.08445124,-120.5337821,85.8,8/18/2026 16:15,d94761b2-6b8a-4496-8656-b9a0c5efde68,1.9,2.8,20.8,,,,,,,,,,,,,,,8/18/2026 16:17,hosteen@calpoly.edu_CalPoly,8/18/2026 16:17,hosteen@calpoly.edu_CalPoly,-120.5337821,35.08445124
13,0.3704,199.2,277.401947,2,iPhone 16e,10,19,35.08428434,-120.5338967,88.4,8/18/2026 16:20,988461db-1634-42b7-9aa2-fc93969ec7bb,1.10 _,2.7,16.8,,,,,,,,,,,,,,,8/18/2026 16:21,hosteen@calpoly.edu_CalPoly,8/18/2026 16:21,hosteen@calpoly.edu_CalPoly,-120.5338967,35.08428434
14,0,223.6,332.5809631,2,iPhone 16e,10,19,35.08431446,-120.5338574,86.4,8/18/2026 16:23,fd5bf188-fbd5-410f-af12-dfb1b49fbc6f,1.11,2.5,18,,,,,,,,,,,,,,,8/18/2026 16:25,hosteen@calpoly.edu_CalPoly,8/18/2026 16:25,hosteen@calpoly.edu_CalPoly,-120.5338574,35.08431446
15,0.1852,130.7,155.1172485,2,iPhone 16e,10,19,35.08434815,-120.5338141,87.7,8/18/2026 16:26,296856a2-9eda-434c-acb9-6c4fb0540d4a,1.12,2.4,17.5,,,,,,,,,,,,,,,8/18/2026 16:29,hosteen@calpoly.edu_CalPoly,8/18/2026 16:29,hosteen@calpoly.edu_CalPoly,-120.5338141,35.08434815
16,0.1852,235.3,70.79891205,2,iPhone 16e,10,19,35.08437075,-120.5337765,87.7,8/18/2026 16:31,1f882db0-a7ed-4abb-93e7-24018b21535c,1.13,2.8,14.4,,,,,,,,,,,,,,,8/18/2026 16:34,hosteen@calpoly.edu_CalPoly,8/18/2026 16:34,hosteen@calpoly.edu_CalPoly,-120.5337765,35.08437075
17,0,83.7,18.76847458,2,iPhone 16e,10,19,35.08441061,-120.5337372,86.2,8/18/2026 16:36,81b0566b-1245-4890-bda2-c27051534466,1.14,2.6,21,,,,,,,,,,,,,,,8/18/2026 16:37,hosteen@calpoly.edu_CalPoly,8/18/2026 16:37,hosteen@calpoly.edu_CalPoly,-120.5337372,35.08441061
18,,,,1,,,,,,,,d273e060-7d9a-4fb9-88af-764f727474b6,1.15,2.7,17.8,,,,,,,,,,,,,,,8/18/2026 16:42,hosteen@calpoly.edu_CalPoly,8/18/2026 16:42,hosteen@calpoly.edu_CalPoly,-120.533856,35.08426329
19,0,3.4,191.4172516,2,iPhone 16e,10,19,35.0842761,-120.5338045,86.7,8/18/2026 16:44,acddd65e-cd9e-4e32-ac97-43cdf0d2cdd3,1.16,3.3,17.4,,,,,,,,,,,,,,,8/18/2026 16:46,hosteen@calpoly.edu_CalPoly,10/5/2026 20:16,kdavis99@calpoly.edu_CalPoly,-120.5338045,35.0842761
20,0.1852,272.3,319.8166199,2,iPhone 16e,10,19,35.08430512,-120.533755,90.3,8/18/2026 16:47,fbf55cbf-8bb2-40a9-827b-4cd279e2649d,1.17,2.9,20.5,,,,,,,,,,,,,,,8/18/2026 16:53,hosteen@calpoly.edu_CalPoly,10/5/2026 20:17,kdavis99@calpoly.edu_CalPoly,-120.533755,35.08430512
21,0,311.1,191.3417816,2,iPhone 16e,10,19,35.08433773,-120.53372,86.1,8/18/2026 16:54,4880f271-eb50-4832-bbcc-06efaad24099,1.18,3,17.8,,,,,,,,,,,,,,,8/18/2026 16:57,hosteen@calpoly.edu_CalPoly,8/18/2026 16:57,hosteen@calpoly.edu_CalPoly,-120.53372,35.08433773
22,0.1852,290.4,158.0561218,2,iPhone 16e,10,19,35.08467966,-120.5344225,85.6,8/18/2026 17:22,adfac104-a185-40a9-89ad-5f426726db19,2.1,3.4,18,,,,,,,,,,,,,,,8/18/2026 17:24,hosteen@calpoly.edu_CalPoly,8/18/2026 17:24,hosteen@calpoly.edu_CalPoly,-120.5344225,35.08467966
23,0,15.8,16.2489624,2,iPhone 16e,10,19,35.08471576,-120.5343905,88.6,8/18/2026 17:25,f7cd4e7b-a522-43e0-a901-4a9debf93f62,2.2,3.3,17.6,,,,,,,,,,,,,,,8/18/2026 17:27,hosteen@calpoly.edu_CalPoly,8/18/2026 17:27,hosteen@calpoly.edu_CalPoly,-120.5343905,35.08471576
24,0.1852,149.3,308.5818787,2,iPhone 16e,10,19,35.08474525,-120.5343489,88.5,8/18/2026 17:28,1a8a0efe-2dbb-4db3-a983-e7ee9ddcb369,2.3,3.2,18.6,,,,,,,,,,,,,,,8/18/2026 17:29,hosteen@calpoly.edu_CalPoly,8/18/2026 17:29,hosteen@calpoly.edu_CalPoly,-120.5343489,35.08474525
25,0.3704,258.3,4.592796326,2,iPhone 16e,10,19,35.08475981,-120.5342986,89,8/18/2026 17:30,f46525b3-b049-451d-a691-15f5420d9bf2,2.4,3.5,20.9,,,,,,,,,,,,,,,8/18/2026 17:34,hosteen@calpoly.edu_CalPoly,10/5/2026 20:18,kdavis99@calpoly.edu_CalPoly,-120.5342986,35.08475981
26,0.3704,19.4,240.4846497,2,iPhone 16e,10,19,35.08481403,-120.5342431,89.4,8/18/2026 17:36,8f7051c6-7e8b-4b5e-b112-2c2d5e0d5b95,2.5,3.4,20.8,,,,,,,,,,,,,,,8/18/2026 17:38,hosteen@calpoly.edu_CalPoly,8/18/2026 17:38,hosteen@calpoly.edu_CalPoly,-120.5342431,35.08481403
27,0.3704,175.1,130.5214539,2,iPhone 16e,10,19,35.08465081,-120.5343674,86.8,8/18/2026 17:39,d3402239-5af3-4844-86db-54ba3e04c33e,2.6,2.9,20.4,,,,,,,,,,,,,,,8/18/2026 17:41,hosteen@calpoly.edu_CalPoly,8/18/2026 17:41,hosteen@calpoly.edu_CalPoly,-120.5343674,35.08465081
28,0.5556,165.7,169.6199036,2,iPhone 16e,10,19,35.08467797,-120.5343331,88.2,8/18/2026 17:42,c2307296-81ed-46d9-be2d-1899aca56200,2.7,2.8,19.7,,,,,,,,,,,,,,,8/18/2026 17:44,hosteen@calpoly.edu_CalPoly,8/18/2026 17:44,hosteen@calpoly.edu_CalPoly,-120.5343331,35.08467797
29,0.1852,196.6,176.9023438,2,iPhone 16e,10,19,35.08470612,-120.5342937,88.1,8/18/2026 17:44,1ba713fc-b1df-4dcc-b8cd-b197545bb00d,2.8,2.7,17.6,,,,,,,,,,,,,,,8/18/2026 17:47,hosteen@calpoly.edu_CalPoly,8/18/2026 17:47,hosteen@calpoly.edu_CalPoly,-120.5342937,35.08470612
30,0.3704,174.6,257.1958618,2,iPhone 16e,10,19,35.08474007,-120.5342453,87.3,8/18/2026 17:47,5a78d587-938d-4fc1-930c-4aa3b46132da,2.9,3.1,19.5,,,,,,,,,,,,,,,8/18/2026 17:50,hosteen@calpoly.edu_CalPoly,8/18/2026 17:50,hosteen@calpoly.edu_CalPoly,-120.5342453,35.08474007
31,0.1852,14.9,326.1966553,2,iPhone 16e,10,19,35.08476266,-120.5342076,85.8,8/18/2026 17:50,090462c1-563d-4da4-a2c9-e001823e73d2,2.10 _,3.3,16.1,,,,,,,,,,,,,,,8/18/2026 17:54,hosteen@calpoly.edu_CalPoly,8/18/2026 17:54,hosteen@calpoly.edu_CalPoly,-120.5342076,35.08476266
32,0,141.2,107.6098785,2,iPhone 16e,10,19,35.0846002,-120.5343274,88,8/18/2026 17:57,325055c4-d38b-4792-a63b-199ae881d7fa,2.11,19,2,,,,,,,,,,,,,,,8/18/2026 17:59,hosteen@calpoly.edu_CalPoly,8/18/2026 17:59,hosteen@calpoly.edu_CalPoly,-120.5343274,35.0846002
33,0.1852,97.5,206.4641418,2,iPhone 16e,10,19,35.08464083,-120.5342814,87.1,8/18/2026 18:01,588d45c8-8e5c-4a9d-83fe-77d7cfec8468,2.12,2.8,16.5,,,,,,,,,,,,,,,8/18/2026 18:02,hosteen@calpoly.edu_CalPoly,8/18/2026 18:02,hosteen@calpoly.edu_CalPoly,-120.5342814,35.08464083
34,0,45.6,152.2293701,2,iPhone 16e,10,19,35.08467253,-120.5342329,85.9,8/18/2026 18:03,834df280-186d-49a7-8b97-04decddf8188,2.13,2.9,19.9,,,,,,,,,,,,,,,8/18/2026 18:06,hosteen@calpoly.edu_CalPoly,8/18/2026 18:13,hosteen@calpoly.edu_CalPoly,-120.5342329,35.08467253
35,0.3704,96.9,131.5396729,2,iPhone 16e,10,19,35.0847031,-120.5341897,86.5,8/18/2026 18:10,af49a9f4-c12e-4f65-869b-617e410118ee,2.14,2.6,18.5,,,,,,,,,,,,,,,8/18/2026 18:12,hosteen@calpoly.edu_CalPoly,8/18/2026 18:14,hosteen@calpoly.edu_CalPoly,-120.5341897,35.0847031
36,0.1852,179.1,127.6370163,2,iPhone 16e,10,19,35.08473344,-120.5341543,86.5,8/18/2026 18:15,890f60ee-cd7e-41f3-96f1-3fbffdca698d,2.15,3.1,18.3,,,,,,,,,,,,,,,8/18/2026 18:17,hosteen@calpoly.edu_CalPoly,8/18/2026 18:17,hosteen@calpoly.edu_CalPoly,-120.5341543,35.08473344
37,0.3704,293.7,320.1723938,2,iPhone 16e,10,19,35.0845997,-120.5342252,87.7,8/18/2026 18:19,4c9d6ec2-aa47-460f-a976-0948e4d60c7b,2.16,3.1,22.5,,,,,,,,,,,,,,,8/18/2026 18:20,hosteen@calpoly.edu_CalPoly,8/18/2026 18:20,hosteen@calpoly.edu_CalPoly,-120.5342252,35.0845997
38,0.5556,281.9,125.5480042,2,iPhone 16e,10,19,35.08463127,-120.5341896,86.6,8/18/2026 18:22,f09e6235-153c-4752-8668-6820b18e7a77,2.17,2.8,20.9,,,,,,,,,,,,,,,8/18/2026 18:23,hosteen@calpoly.edu_CalPoly,8/18/2026 18:23,hosteen@calpoly.edu_CalPoly,-120.5341896,35.08463127
39,0.1852,258.9,255.6329346,2,iPhone 16e,10,19,35.08522522,-120.5352927,82.1,8/18/2026 18:31,15bad811-60dc-4a56-9972-546445876580,3.1,2.4,17.3,,,,,,,,,,,,,,,8/18/2026 18:33,hosteen@calpoly.edu_CalPoly,8/18/2026 18:33,hosteen@calpoly.edu_CalPoly,-120.5352927,35.08522522
40,0.5556,180.8,193.4067993,2,iPhone 16e,10,19,35.08525247,-120.5352511,83.3,8/18/2026 18:34,6c67936e-fafe-45f2-afbe-b41750e8a5c3,3.2,2.6,17.6,,,,,,,,,,,,,,,8/18/2026 18:36,hosteen@calpoly.edu_CalPoly,8/18/2026 18:36,hosteen@calpoly.edu_CalPoly,-120.5352511,35.08525247
41,0,150.5,159.4595642,2,iPhone 16e,10,19,35.08515439,-120.5352895,82.4,8/18/2026 18:37,72cdfd26-0227-47b6-b0ad-b7ddac47f0d8,3.3,2.8,17.4,,,,,,,,,,,,,,,8/18/2026 18:39,hosteen@calpoly.edu_CalPoly,8/18/2026 18:39,hosteen@calpoly.edu_CalPoly,-120.5352895,35.08515439
42,0.7408,102.5,167.1910095,2,iPhone 16e,10,19,35.0851776,-120.5352501,84.1,8/18/2026 18:40,5ebd2991-59bc-4938-8fcf-0c29757e1ee0,3.4,2.6,18.2,,,,,,,,,,,,,,,8/18/2026 18:42,hosteen@calpoly.edu_CalPoly,8/18/2026 18:42,hosteen@calpoly.edu_CalPoly,-120.5352501,35.0851776
43,0.5556,4.4,316.9302673,2,iPhone 16e,10,19,35.08521085,-120.5351995,83.5,8/18/2026 18:43,545214b2-f1c2-47ab-8344-3ceabd41bb87,3.5,2.6,17,,,,,,,,,,,,,,,8/18/2026 18:45,hosteen@calpoly.edu_CalPoly,10/5/2026 20:18,kdavis99@calpoly.edu_CalPoly,-120.5351995,35.08521085
44,0.1852,167.7,230.6050415,2,iPhone 16e,10,19,35.08523859,-120.5351612,85.2,8/18/2026 18:45,662c18cb-fa7f-4e44-92f5-5c0dcda6eab7,3.6,2.5,17.6,,,,,,,,,,,,,,,8/18/2026 18:47,hosteen@calpoly.edu_CalPoly,10/5/2026 20:18,kdavis99@calpoly.edu_CalPoly,-120.5351612,35.08523859
45,0,194.3,214.5296173,2,iPhone 16e,10,19,35.08508173,-120.5352882,82,8/18/2026 18:49,e8cbdc36-8296-44a8-931a-949f1553c327,3.7,2.7,18.4,,,,,,,,,,,,,,,8/18/2026 18:52,hosteen@calpoly.edu_CalPoly,8/18/2026 18:52,hosteen@calpoly.edu_CalPoly,-120.5352882,35.08508173
46,0.3704,53,287.3974915,2,iPhone 16e,10,19,35.08510845,-120.535242,84.2,8/18/2026 18:53,1fce5c09-57b4-4cc7-b856-d49aa2723ee7,3.8,2.9,17.5,,,,,,,,,,,,,,,8/18/2026 18:54,hosteen@calpoly.edu_CalPoly,8/18/2026 18:55,hosteen@calpoly.edu_CalPoly,-120.535242,35.08510845
47,0,90.6,73.1957016,2,iPhone 16e,10,19,35.08515142,-120.5351985,85.4,8/20/2026 21:00,7b204a8a-817f-4ea3-8cb5-bb6f4bb8b48c,3.9,3,16.9,,,,,,,,,,,,,,,8/20/2026 21:04,hosteen@calpoly.edu_CalPoly,8/20/2026 21:04,hosteen@calpoly.edu_CalPoly,-120.5351985,35.08515142
48,0,199.4,54.7372818,2,iPhone 16e,10,19,35.08517138,-120.5351596,85.9,8/20/2026 21:07,44327ff7-865b-4317-9cad-d9d89dbfa736,3.10 _,,,,,,,,,,,,,,,,,8/20/2026 21:08,hosteen@calpoly.edu_CalPoly,8/20/2026 21:11,hosteen@calpoly.edu_CalPoly,-120.5351596,35.08517138
49,0,138.2,160.2968903,2,iPhone 16e,10,19,35.08519473,-120.5351118,85.7,8/20/2026 21:12,e72df1a5-0b26-4f7b-aed6-aa7c1ce06300,3.11,,,,,,,,,,,,,,,,,8/20/2026 21:15,hosteen@calpoly.edu_CalPoly,8/20/2026 21:15,hosteen@calpoly.edu_CalPoly,-120.5351118,35.08519472
50,0.1852,155.5,148.5505676,2,iPhone 16e,10,19,35.08503785,-120.5352367,85.1,8/20/2026 21:19,ec7d9b96-b534-4d16-b127-535729ab24b2,3.12,,,,,,,,,,,,,,,,,8/20/2026 21:19,hosteen@calpoly.edu_CalPoly,8/20/2026 21:19,hosteen@calpoly.edu_CalPoly,-120.5352367,35.08503785
51,0.1852,243.8,334.3373108,2,iPhone 16e,10,19,35.08506756,-120.5351917,86.3,8/20/2026 21:22,b61e233b-e2b8-4a5d-9cd0-26cfaa9a7964,3.13,,,,,,,,,,,,,,,,,8/20/2026 21:23,hosteen@calpoly.edu_CalPoly,10/5/2026 20:19,kdavis99@calpoly.edu_CalPoly,-120.5351917,35.08506756
52,0.3704,225.8,182.3418274,2,iPhone 16e,10,19,35.08510337,-120.5351468,85.6,8/20/2026 21:27,091d54d8-e298-4eaf-9c90-e18b11651bb0,3.14,,,,,,,,,,,,,,,,,8/20/2026 21:27,hosteen@calpoly.edu_CalPoly,8/20/2026 21:27,hosteen@calpoly.edu_CalPoly,-120.5351468,35.08510336
53,0.1852,160,271.9698181,2,iPhone 16e,10,19,35.08513339,-120.5351054,85.2,8/20/2026 21:29,080821f9-3b49-4852-bca9-d93099d09ca3,3.15,,,,,,,,,,,,,,,,,8/20/2026 21:30,hosteen@calpoly.edu_CalPoly,8/20/2026 21:30,hosteen@calpoly.edu_CalPoly,-120.5351054,35.08513339
54,0.3704,33.9,347.350647,2,iPhone 16e,10,19,35.08515968,-120.5350642,85.6,8/20/2026 21:33,71681603-0008-4d0a-b73d-da151d9cc510,3.16,,,,,,,,,,,,,,,,,8/20/2026 21:34,hosteen@calpoly.edu_CalPoly,8/20/2026 21:34,hosteen@calpoly.edu_CalPoly,-120.5350642,35.08515968
55,0,129.2,51.87630844,2,iPhone 16e,10,19,35.0850551,-120.5350983,86.9,8/20/2026 21:37,87694f8d-7f84-4284-8c3a-477d96059f95,3.17,,,,,,,,,,,,,,,,,8/20/2026 21:38,hosteen@calpoly.edu_CalPoly,8/20/2026 21:38,hosteen@calpoly.edu_CalPoly,-120.5350983,35.0850551
56,0.1852,178.6,278.379303,2,iPhone 16e,10,19,35.08556104,-120.5348266,86,8/20/2026 21:44,ec6f4efb-c9ac-4cfe-a437-a800657aebf1,4.1,,,,,,,,,,,,,,,,,8/20/2026 21:45,hosteen@calpoly.edu_CalPoly,8/20/2026 21:45,hosteen@calpoly.edu_CalPoly,-120.5348266,35.08556104
57,0,91,54.48637009,2,iPhone 16e,10,19,35.08558904,-120.5347934,86.3,8/20/2026 21:48,b0fe6897-718b-4345-95ed-fda1fd78e1d4,4.2,,,,,,,,,,,,,,,,,8/20/2026 21:49,hosteen@calpoly.edu_CalPoly,10/5/2026 20:13,kdavis99@calpoly.edu_CalPoly,-120.5347934,35.08558904
58,0,53.3,4.55965519,2,iPhone 16e,10,19,35.08548989,-120.534824,87.6,8/20/2026 21:54,b5f9f3c3-43fc-41d8-b9bf-1fbcbf34903e,4.3,,,,,,,,,,,,,,,,,8/20/2026 21:54,hosteen@calpoly.edu_CalPoly,8/20/2026 21:54,hosteen@calpoly.edu_CalPoly,-120.534824,35.08548989
59,0.1852,152.5,206.0463409,2,iPhone 16e,10,19,35.08552051,-120.5347803,87.9,8/20/2026 21:56,f0eae7c4-d591-4fc3-b3a5-c81de4e581c1,4.4,,,,,,,,,,,,,,,,,8/20/2026 21:58,hosteen@calpoly.edu_CalPoly,8/20/2026 21:58,hosteen@calpoly.edu_CalPoly,-120.5347803,35.08552051
60,0,132,138.1851349,2,iPhone 16e,10,19,35.08555331,-120.5347391,87.9,8/20/2026 22:04,a8c20ebd-8792-4dec-849c-bcd56711449f,4.5,,,,,,,,,,,,,,,,,8/20/2026 22:06,hosteen@calpoly.edu_CalPoly,8/20/2026 22:06,hosteen@calpoly.edu_CalPoly,-120.5347391,35.08555331
61,0,149.9,256.1300049,2,iPhone 16e,10,19,35.08558316,-120.5346971,87.4,8/20/2026 22:08,fb563441-ba81-47ee-8d2e-8cad4f5dfdbf,4.6,,,,,,,,,,,,,,,,,8/20/2026 22:09,hosteen@calpoly.edu_CalPoly,8/20/2026 22:09,hosteen@calpoly.edu_CalPoly,-120.5346971,35.08558316
62,0,232.9,144.1542664,2,iPhone 16e,10,19,35.08542916,-120.534811,87,8/20/2026 22:12,33f72bb2-2e82-4bee-9bd4-41e096c78f45,4.7,,,,,,,,,,,,,,,,,8/20/2026 22:13,hosteen@calpoly.edu_CalPoly,8/20/2026 22:13,hosteen@calpoly.edu_CalPoly,-120.534811,35.08542916
63,0.1852,85.8,351.4676208,2,iPhone 16e,10,19,35.08545462,-120.5347768,88.1,8/20/2026 22:15,c8af6787-b75e-4fc7-8c42-bf428908d942,4.8,,,,,,,,,,,,,,,,,8/20/2026 22:16,hosteen@calpoly.edu_CalPoly,8/20/2026 22:16,hosteen@calpoly.edu_CalPoly,-120.5347768,35.08545462
64,0,94.2,16.74700546,2,iPhone 16e,10,19,35.08548489,-120.5347319,87.9,8/20/2026 22:20,1f8df29f-584d-4fb4-9c83-2956be826da9,4.9,,,,Phytech,,,,,,,,,,,,,8/20/2026 22:21,hosteen@calpoly.edu_CalPoly,8/20/2026 22:44,hosteen@calpoly.edu_CalPoly,-120.5347319,35.08548489
65,0.1852,35.1,246.4663696,2,iPhone 16e,10,19,35.08551467,-120.5346823,87.6,8/20/2026 22:23,5676c754-4754-4eda-82dd-99cfd4281c6c,4.10 _,,,,Phytech,,,,,,,,,,,,,8/20/2026 22:24,hosteen@calpoly.edu_CalPoly,8/20/2026 22:43,hosteen@calpoly.edu_CalPoly,-120.5346823,35.08551467
66,0,269.3,243.4083862,2,iPhone 16e,10,19,35.08553963,-120.5346413,87.1,8/20/2026 22:28,6c59bb11-f66d-4a12-a0e3-d30b52aecfc9,4.11,,,,Phytech,,,,,,,,,,,,,8/20/2026 22:29,hosteen@calpoly.edu_CalPoly,8/20/2026 22:44,hosteen@calpoly.edu_CalPoly,-120.5346413,35.08553963
67,0,107.5,109.0656052,2,iPhone 16e,10,19,35.08537976,-120.5347664,86.9,8/20/2026 22:32,671a3a2b-cb8f-44fa-92c1-1dbd7fed5c2c,4.12,,,,,,,,,,,,,,,,,8/20/2026 22:33,hosteen@calpoly.edu_CalPoly,8/20/2026 22:33,hosteen@calpoly.edu_CalPoly,-120.5347664,35.08537976
68,0,114.1,171.9642181,2,iPhone 16e,10,19,35.08542112,-120.5347231,87.9,8/20/2026 22:35,d651ae9b-beb7-4b27-8283-5de955d87ba6,4.13,,,,,,,,,,,,,,,,,8/20/2026 22:37,hosteen@calpoly.edu_CalPoly,8/20/2026 22:37,hosteen@calpoly.edu_CalPoly,-120.5347231,35.08542112
69,0.1852,101.5,85.02211761,2,iPhone 16e,10,19,35.08544451,-120.5346792,88.6,8/20/2026 22:38,50fd1acb-4baf-4c36-ba35-25851ee5795d,4.14,,,,,,,,,,,,,,,,,8/20/2026 22:40,hosteen@calpoly.edu_CalPoly,10/5/2026 20:14,kdavis99@calpoly.edu_CalPoly,-120.5346792,35.08544451
70,0,73.1,137.2831421,2,iPhone 16e,10,19,35.08547615,-120.5346364,87.7,8/20/2026 22:42,97361d88-22c0-477b-815b-88a984634fb0,4.15,,,,,,,,,,,,,,,,,8/20/2026 22:42,hosteen@calpoly.edu_CalPoly,10/5/2026 20:14,kdavis99@calpoly.edu_CalPoly,-120.5346364,35.08547615
72,0,262.5,312.8910217,2,iPhone 16e,10,19,35.08550378,-120.5345869,88.4,8/20/2026 22:51,de432ab0-e1ef-43da-b3ea-df1125d12d2e,4.16,,,,,,,,,,,,,,,,,8/20/2026 22:51,hosteen@calpoly.edu_CalPoly,8/20/2026 22:51,hosteen@calpoly.edu_CalPoly,-120.5345869,35.08550378
73,0,125,68.05551147,2,iPhone 16e,10,19,35.08567284,-120.5352279,84.7,8/20/2026 23:01,83bdfec2-43b9-44ff-a1a8-765f6bf5db24,5.1,,,,,,,,,,,,,,,,,8/20/2026 23:02,hosteen@calpoly.edu_CalPoly,8/20/2026 23:02,hosteen@calpoly.edu_CalPoly,-120.5352279,35.08567284
74,0.1852,118.6,256.3957825,2,iPhone 16e,10,19,35.08570013,-120.5351925,83.3,8/20/2026 23:04,294d2c70-2f31-4d6f-8185-d3ab7b808947,5.2,,,,,,,,,,,,,,,,,8/20/2026 23:05,hosteen@calpoly.edu_CalPoly,8/20/2026 23:05,hosteen@calpoly.edu_CalPoly,-120.5351925,35.08570014
75,0,88,306.2076416,2,iPhone 16e,10,19,35.08573731,-120.535144,83.4,8/20/2026 23:07,46383dd4-38bd-4054-92eb-93d6f456e0b6,5.3,,,,,,,,,,,,,,,,,8/20/2026 23:09,hosteen@calpoly.edu_CalPoly,8/20/2026 23:09,hosteen@calpoly.edu_CalPoly,-120.535144,35.08573731
76,0,21.5,195.372757,2,iPhone 16e,10,19,35.08559467,-120.5352163,85,8/20/2026 23:13,2bd8d731-f61d-4ee5-aa0c-3289e4f0d3cc,5.4,,,,,,,,,,,,,,,,,8/20/2026 23:14,hosteen@calpoly.edu_CalPoly,8/20/2026 23:14,hosteen@calpoly.edu_CalPoly,-120.5352163,35.08559467
77,0,98.2,356.6471863,2,iPhone 16e,10,19,35.08563607,-120.5351796,84.9,8/20/2026 23:16,907108ce-0aab-458e-a8fb-929f2b844bbf,5.5,,,,,,,,,,,,,,,,,8/20/2026 23:17,hosteen@calpoly.edu_CalPoly,8/20/2026 23:17,hosteen@calpoly.edu_CalPoly,-120.5351796,35.08563606
78,0.3704,174.8,199.7697906,2,iPhone 16e,10,19,35.08569459,-120.5350969,84.8,8/20/2026 23:19,ad948b3f-774d-4978-8dc0-ce2d7ba3eff6,5.6,,,,,,,,,,,,,,,,,8/20/2026 23:20,hosteen@calpoly.edu_CalPoly,8/20/2026 23:20,hosteen@calpoly.edu_CalPoly,-120.5350969,35.08569459
79,0,170.9,177.5134583,2,iPhone 16e,10,19,35.08572864,-120.535055,85.3,8/20/2026 23:21,a8817471-9c2f-4482-bb58-32c5758b69e2,5.7,,,,,,,,,,,,,,,,,8/20/2026 23:21,hosteen@calpoly.edu_CalPoly,8/20/2026 23:23,hosteen@calpoly.edu_CalPoly,-120.535055,35.08572864
80,0,160,100.0201874,2,iPhone 16e,10,19,35.08555574,-120.5351615,85.5,8/20/2026 23:26,c00e0614-abfa-4506-b1a0-482b22665865,5.8,,,,,,,,,,,,,,,,,8/20/2026 23:26,hosteen@calpoly.edu_CalPoly,8/20/2026 23:26,hosteen@calpoly.edu_CalPoly,-120.5351615,35.08555574
81,0,82,49.13203049,2,iPhone 16e,10,19,35.08559628,-120.5351151,84.6,8/20/2026 23:29,5a9ea382-ea10-44f6-a01c-fd4607b2cbb4,5.9,,,,,,,,,,,,,,,,,8/20/2026 23:30,hosteen@calpoly.edu_CalPoly,8/20/2026 23:30,hosteen@calpoly.edu_CalPoly,-120.5351151,35.08559628
82,0,119.6,195.805191,2,iPhone 16e,10,19,35.08562207,-120.5350703,85.7,8/20/2026 23:32,e854813b-a666-4d58-85c8-ed2b4039f318,5.10 _,,,,,,,,,,,,,,,,,8/20/2026 23:34,hosteen@calpoly.edu_CalPoly,8/20/2026 23:34,hosteen@calpoly.edu_CalPoly,-120.5350703,35.08562207
83,0.1852,215.7,249.8391571,2,iPhone 16e,10,19,35.08565328,-120.535033,84.7,8/20/2026 23:35,1fa2f9b2-7e0e-4946-aec5-2e903cd37d28,5.11,,,,,,,,,,,,,,,,,8/20/2026 23:38,hosteen@calpoly.edu_CalPoly,8/20/2026 23:38,hosteen@calpoly.edu_CalPoly,-120.535033,35.08565328
84,0,68,301.3085632,2,iPhone 16e,10,19,35.08566865,-120.5349941,85.7,8/20/2026 23:39,1e4539ba-012b-4157-aa85-642268cba860,5.12,,,,,,,,,,,,,,,,,8/20/2026 23:41,hosteen@calpoly.edu_CalPoly,8/20/2026 23:41,hosteen@calpoly.edu_CalPoly,-120.5349941,35.08566865
85,0.1852,247.8,210.2105713,2,iPhone 16e,10,19,35.08562015,-120.5349691,84.9,8/20/2026 23:45,3e5bf6f5-0ebf-430c-a0a0-9c545fc27b62,5.16,,,,,,,,,,,,,,,,,8/20/2026 23:46,hosteen@calpoly.edu_CalPoly,8/20/2026 23:59,hosteen@calpoly.edu_CalPoly,-120.5349691,35.08562015
86,0,158,133.4361267,2,iPhone 16e,10,19,35.08551868,-120.5351184,83.6,8/20/2026 23:51,ae1e2934-bdc3-4dfa-97ce-16da1602be8e,5.13,,,,,,,,,,,,,,,,,8/20/2026 23:52,hosteen@calpoly.edu_CalPoly,8/20/2026 23:52,hosteen@calpoly.edu_CalPoly,-120.5351184,35.08551868
87,0.1852,112.3,170.3363342,2,iPhone 16e,10,19,35.08554955,-120.5350703,84.9,8/20/2026 23:54,dbb3d04e-cbf5-4c47-9dda-b0f5c938994d,5.14,,,,,,,,,,,,,,,,,8/20/2026 23:55,hosteen@calpoly.edu_CalPoly,8/20/2026 23:55,hosteen@calpoly.edu_CalPoly,-120.5350703,35.08554955
88,0,197.5,164.1942749,2,iPhone 16e,10,19,35.08558078,-120.535019,85.2,8/20/2026 23:57,68480064-d1a5-493f-b673-421909d2a9f5,5.15,,,,,,,,,,,,,,,,,8/20/2026 23:59,hosteen@calpoly.edu_CalPoly,8/20/2026 23:59,hosteen@calpoly.edu_CalPoly,-120.535019,35.08558079
89,0,62.3,44.85281372,2,iPhone 16e,10,19,35.08532932,-120.5357114,79.9,8/21/2026 21:10,535f5099-8e6e-4744-8eea-319555ca9d19,6.1,,,,,,,,,,,,,,,,,8/21/2026 21:12,hosteen@calpoly.edu_CalPoly,8/21/2026 21:12,hosteen@calpoly.edu_CalPoly,-120.5357114,35.08532932
90,0.1852,126.6,214.5459442,2,iPhone 16e,10,19,35.08536438,-120.5356669,81,8/21/2026 21:12,001b02e0-e637-4102-bc37-4f0def1012eb,6.2,,16.9,,,,,,,,,,,,,,,8/21/2026 21:14,hosteen@calpoly.edu_CalPoly,8/21/2026 21:14,hosteen@calpoly.edu_CalPoly,-120.5356669,35.08536438
91,0,254.2,196.7819672,2,iPhone 16e,10,19,35.08539742,-120.5356158,82.1,8/21/2026 21:14,63ac34da-b2ed-4e3f-bae9-f54e3e43c31a,6.3,,17.7,,,,,,,,,,,,,,,8/21/2026 21:16,hosteen@calpoly.edu_CalPoly,8/21/2026 21:16,hosteen@calpoly.edu_CalPoly,-120.5356158,35.08539742
92,0,137,152.6431274,2,iPhone 16e,10,19,35.0852645,-120.5356976,80.1,8/21/2026 21:18,8b4747ef-c1e2-4da3-b5d3-a46d755b2cbc,6.4,,18,,,,,,,,,,,,,,,8/21/2026 21:20,hosteen@calpoly.edu_CalPoly,8/21/2026 21:20,hosteen@calpoly.edu_CalPoly,-120.5356976,35.0852645
93,0,175,213.326889,2,iPhone 16e,10,19,35.0852802,-120.535652,84.7,8/21/2026 21:21,d03a3ee0-c162-4d31-b49f-c13b54387060,6.5,,,,,,,,,,,,,,,,,8/21/2026 21:23,hosteen@calpoly.edu_CalPoly,8/21/2026 21:23,hosteen@calpoly.edu_CalPoly,-120.535652,35.0852802
94,0.1852,122,254.3466492,2,iPhone 16e,10,19,35.08531593,-120.5356026,81.7,8/21/2026 21:23,00e9ab9b-aecd-4dc1-93c0-73d83c0a29ca,6.6,3.4,17.2,,,,,,,,,,,,,,,8/21/2026 21:25,hosteen@calpoly.edu_CalPoly,8/21/2026 21:25,hosteen@calpoly.edu_CalPoly,-120.5356026,35.08531593
95,0.1852,264.3,125.3653564,2,iPhone 16e,10,19,35.08535569,-120.5355676,82,8/21/2026 21:25,fb2ec35d-761e-4f07-91f5-c0c9b322a18d,6.7,,15.8,,,,,,,,,,,,,,,8/21/2026 21:27,hosteen@calpoly.edu_CalPoly,8/21/2026 21:27,hosteen@calpoly.edu_CalPoly,-120.5355676,35.08535569
96,0.1852,10.5,81.26404572,2,iPhone 16e,10,19,35.08538601,-120.5355261,82,8/21/2026 21:28,23037928-c450-43a9-8dad-efa22f453830,6.8,,,,,,,,,,,,,,,,,8/21/2026 21:29,hosteen@calpoly.edu_CalPoly,8/21/2026 21:29,hosteen@calpoly.edu_CalPoly,-120.5355261,35.08538601
97,0.1852,10.2,206.0679321,2,iPhone 16e,10,19,35.0852098,-120.5356255,81,8/21/2026 21:32,c70f43e5-5f5a-47d4-b348-6fdcf2fa82cb,6.9,,,,,,,,,,,,,,,,,8/21/2026 21:33,hosteen@calpoly.edu_CalPoly,8/21/2026 21:33,hosteen@calpoly.edu_CalPoly,-120.5356255,35.0852098
98,0.3704,125,160.9741516,2,iPhone 16e,10,19,35.08526773,-120.5355427,82.6,8/21/2026 21:37,353b7d79-2a06-4f2e-83d6-47f592913e94,6.11,,15.8,,,,,,,,,,,,,,,8/21/2026 21:38,hosteen@calpoly.edu_CalPoly,8/21/2026 21:39,hosteen@calpoly.edu_CalPoly,-120.5355427,35.08526773
99,0.3704,178.6,167.8814392,2,iPhone 16e,10,19,35.08524305,-120.5355841,80.6,8/21/2026 21:41,d3ecc0cc-2f4c-4ca7-9a85-f9bd86db15bb,6.10 _,,,,,,,,,,,,,,,,,8/21/2026 21:41,hosteen@calpoly.edu_CalPoly,8/21/2026 21:41,hosteen@calpoly.edu_CalPoly,-120.5355841,35.08524305
100,0.1852,12.5,82.0019455,2,iPhone 16e,10,19,35.08530369,-120.5354887,83.3,8/21/2026 21:43,3cbb2558-4394-4ade-a387-3686a60296f3,6.12,,16,,,,,,,,,,,,,,,8/21/2026 21:43,hosteen@calpoly.edu_CalPoly,8/21/2026 21:43,hosteen@calpoly.edu_CalPoly,-120.5354887,35.08530369
101,0,333,338.1135559,2,iPhone 16e,10,19,35.08533107,-120.5354689,82.9,8/21/2026 21:45,6430207c-b0f6-45f9-af7d-b4046fd6c51c,6.13,,18.5,,,,,,,,,,,,,,,8/21/2026 21:46,hosteen@calpoly.edu_CalPoly,8/21/2026 21:46,hosteen@calpoly.edu_CalPoly,-120.5354689,35.08533107
102,0,235.7,149.0475006,2,iPhone 16e,10,19,35.08517085,-120.5355781,81.6,8/21/2026 21:49,a7402676-1b30-4734-bdf3-4b1e6ae3d803,6.14,,19,,,,,,,,,,,,,,,8/21/2026 21:50,hosteen@calpoly.edu_CalPoly,10/5/2026 20:31,kdavis99@calpoly.edu_CalPoly,-120.5355781,35.08517085
103,0,220.5,149.0722504,2,iPhone 16e,10,19,35.08520027,-120.5355301,81.8,8/21/2026 21:54,7f0a8323-ba01-4922-becf-f087b6007e16,6.15,,,,,,,,,,,,,,,,,8/21/2026 21:55,hosteen@calpoly.edu_CalPoly,8/21/2026 21:55,hosteen@calpoly.edu_CalPoly,-120.5355301,35.08520027
104,0,131.2,172.6128387,2,iPhone 16e,10,19,35.08523806,-120.5354943,82.6,8/21/2026 21:57,f4bc578e-79e8-43e9-812a-4c6e26d1093f,6.16,,,,,,,,,,,,,,,,,8/21/2026 21:58,hosteen@calpoly.edu_CalPoly,8/21/2026 21:58,hosteen@calpoly.edu_CalPoly,-120.5354943,35.08523806
105,0.3704,170.7,98.37078857,2,iPhone 16e,10,19,35.08526703,-120.535448,82.6,8/21/2026 22:00,41ea2dce-369d-4e54-8e57-840f2ccdf760,6.17,,,,,,,,,,,,,,,,,8/21/2026 22:01,hosteen@calpoly.edu_CalPoly,8/21/2026 22:01,hosteen@calpoly.edu_CalPoly,-120.535448,35.08526703
106,0.1852,318.2,138.8384705,2,iPhone 16e,10,19,35.08492012,-120.5361529,80.8,8/21/2026 22:07,d9a839be-aea5-48bc-914e-039a55bf7923,7.1,,19.4,,,,,,,,,,,,,,,8/21/2026 22:08,hosteen@calpoly.edu_CalPoly,8/21/2026 22:08,hosteen@calpoly.edu_CalPoly,-120.5361529,35.08492012
107,0.7408,83.8,130.8815308,2,iPhone 16e,10,19,35.08495595,-120.5361066,79.1,8/21/2026 22:09,7d2d4c66-8e15-4669-8b30-66ea334b08d3,7.2,,21,,,,,,,,,,,,,,,8/21/2026 22:10,hosteen@calpoly.edu_CalPoly,8/21/2026 22:10,hosteen@calpoly.edu_CalPoly,-120.5361066,35.08495595
108,0.1852,68.6,36.10173798,2,iPhone 16e,10,19,35.08498097,-120.5360682,79.6,8/21/2026 22:11,ba6a38bd-8a32-4c42-8b51-9ff8524b5f9e,7.3,,21.1,,,,,,,,,,,,,,,8/21/2026 22:14,hosteen@calpoly.edu_CalPoly,8/21/2026 22:14,hosteen@calpoly.edu_CalPoly,-120.5360682,35.08498096
109,0,188.7,174.7669525,2,iPhone 16e,10,19,35.08501417,-120.536019,80.5,8/21/2026 22:14,d0edea7f-13d0-433d-aa0d-6412089639b3,7.4,,17.9,,,,,,,,,,,,,,,8/21/2026 22:16,hosteen@calpoly.edu_CalPoly,8/21/2026 22:16,hosteen@calpoly.edu_CalPoly,-120.536019,35.08501417
110,0,315.2,39.60372925,2,iPhone 16e,10,19,35.08503807,-120.5359791,81.6,8/21/2026 22:17,301be4c2-213b-4fe2-8f28-cabacc5f739d,7.5,,,,,,,,,,,,,,,,,8/21/2026 22:19,hosteen@calpoly.edu_CalPoly,8/21/2026 22:19,hosteen@calpoly.edu_CalPoly,-120.5359791,35.08503807
111,0.7408,129.4,151.0350647,2,iPhone 16e,10,19,35.08487313,-120.5360912,81.1,8/21/2026 22:21,1ee37757-e647-4fd3-a2d1-4f816aa8b39e,7.6,,18.5,,,,,,,,,,,,,,,8/21/2026 22:23,hosteen@calpoly.edu_CalPoly,8/21/2026 22:23,hosteen@calpoly.edu_CalPoly,-120.5360912,35.08487313
112,0.5556,117.3,159.0610046,2,iPhone 16e,10,19,35.0849042,-120.536046,81.4,8/21/2026 22:24,d036f44a-c49e-4482-af79-01e8408bf89c,7.7,,17.8,,,,,,,,,,,,,,,8/21/2026 22:26,hosteen@calpoly.edu_CalPoly,8/21/2026 22:26,hosteen@calpoly.edu_CalPoly,-120.536046,35.0849042
113,0.1852,356.3,85.49773407,2,iPhone 16e,10,19,35.08493516,-120.5360035,80.4,8/21/2026 22:26,555a7683-56ea-4ad3-bbca-9c6f6bff816d,7.8,,24,,,,,,,,,,,,,,,8/21/2026 22:29,hosteen@calpoly.edu_CalPoly,8/21/2026 22:29,hosteen@calpoly.edu_CalPoly,-120.5360035,35.08493516
114,0.1852,182.5,52.5403595,2,iPhone 16e,10,19,35.08496976,-120.535961,80.6,8/21/2026 22:29,7a3d4fe6-fb90-4e4f-849c-a1469226a436,7.9,,19.7,,,,,,,,,,,,,,,8/21/2026 22:31,hosteen@calpoly.edu_CalPoly,8/21/2026 22:31,hosteen@calpoly.edu_CalPoly,-120.535961,35.08496976
115,0,289.7,118.457016,2,iPhone 16e,10,19,35.08499331,-120.5359213,79.6,8/21/2026 22:32,e36dc07f-5732-409e-a961-576167bf947f,7.10 _,,19.5,,,,,,,,,,,,,,,8/21/2026 22:34,hosteen@calpoly.edu_CalPoly,8/21/2026 22:34,hosteen@calpoly.edu_CalPoly,-120.5359213,35.08499331
116,0.3704,43.1,315.8946838,2,iPhone 16e,10,19,35.08483525,-120.5360396,81.8,8/21/2026 22:35,c3df2045-af45-4d02-ba68-62dec967d52d,7.11,,13.7,,,,,,,,,,,,,,,8/21/2026 22:37,hosteen@calpoly.edu_CalPoly,8/21/2026 22:37,hosteen@calpoly.edu_CalPoly,-120.5360396,35.08483525
117,0.5556,89,155.1463776,2,iPhone 16e,10,19,35.08486258,-120.5359991,80.7,8/21/2026 22:38,f231d671-4d61-447f-a625-1e93ab414772,7.12,,14.5,,,,,,,,,,,,,,,8/21/2026 22:40,hosteen@calpoly.edu_CalPoly,8/21/2026 22:40,hosteen@calpoly.edu_CalPoly,-120.5359991,35.08486258
118,0.1852,92,166.6185455,2,iPhone 16e,10,19,35.08489858,-120.5359457,81.8,8/21/2026 22:41,406b1d17-6d0a-4a4b-9d33-b4058e709f87,7.13,,16.6,,,,,,,,,,,,,,,8/21/2026 22:45,hosteen@calpoly.edu_CalPoly,8/21/2026 22:45,hosteen@calpoly.edu_CalPoly,-120.5359457,35.08489858
119,0,230.7,168.4155121,2,iPhone 16e,10,19,35.08492928,-120.5359064,81.3,8/21/2026 22:47,ff5ab09b-70e2-4e53-ba7a-5b4ae111482f,7.14,,18.8,,,,,,,,,,,,,,,8/21/2026 22:49,hosteen@calpoly.edu_CalPoly,8/21/2026 22:49,hosteen@calpoly.edu_CalPoly,-120.5359064,35.08492928
120,0.1852,303.8,330.5221252,2,iPhone 16e,10,19,35.08502412,-120.5361194,79.9,8/21/2026 22:50,61c422ff-5054-4b2a-aa29-fafa92872eeb,7,,20.5,,,,,,,,,,,,,,,8/21/2026 22:54,hosteen@calpoly.edu_CalPoly,8/21/2026 22:54,hosteen@calpoly.edu_CalPoly,-120.5361194,35.08502412
121,0.3704,274,336.9211121,2,iPhone 16e,10,19,35.08457567,-120.5366202,77.8,8/21/2026 23:05,1b72a064-5959-40bd-ad6d-de3b73ad771d,8.1,,17.5,,,,,,,,,,,,,,,8/21/2026 23:08,hosteen@calpoly.edu_CalPoly,8/21/2026 23:08,hosteen@calpoly.edu_CalPoly,-120.5366202,35.08457567
122,0,305.3,276.4260559,2,iPhone 16e,10,19,35.08460108,-120.5365828,78.6,8/21/2026 23:09,92f93645-7744-4fcc-8470-322cdcf51664,8.2,,,,,,,,,,,,,,,,,8/21/2026 23:11,hosteen@calpoly.edu_CalPoly,8/21/2026 23:11,hosteen@calpoly.edu_CalPoly,-120.5365828,35.08460108
123,0.3704,321.8,284.9122009,2,iPhone 16e,10,19,35.08463551,-120.5365332,77.6,8/21/2026 23:12,73641b55-a6d3-4057-9c92-56524b048e94,8.3,,,,,,,,,,,,,,,,,8/21/2026 23:15,hosteen@calpoly.edu_CalPoly,8/21/2026 23:15,hosteen@calpoly.edu_CalPoly,-120.5365332,35.08463551
124,0.1852,267.9,168.9833221,2,iPhone 16e,10,19,35.08467404,-120.5364926,79.1,8/21/2026 23:16,5043a958-f15e-450b-897e-fa5eb1b2a3b4,8.4,,21.5,,,2,,,,,,,,,,,,8/21/2026 23:17,hosteen@calpoly.edu_CalPoly,8/21/2026 23:20,hosteen@calpoly.edu_CalPoly,-120.5364926,35.08467404
125,0.3704,359.3,330.4170227,2,iPhone 16e,10,19,35.08470103,-120.5364586,80,8/21/2026 23:22,7de0d8b8-5da3-42f3-bc27-d7203512a4aa,8.5,,,,,,,,,,,,,,,,,8/21/2026 23:23,hosteen@calpoly.edu_CalPoly,8/21/2026 23:23,hosteen@calpoly.edu_CalPoly,-120.5364586,35.08470103
126,0.3704,180.3,55.76066208,2,iPhone 16e,10,19,35.08453474,-120.536561,79.8,8/21/2026 23:24,0b4f9dc0-d6ec-4a00-bea7-412f1f9cbe6a,8.6,,17.4,,,,,,,,,,,,,,,8/21/2026 23:26,hosteen@calpoly.edu_CalPoly,8/21/2026 23:26,hosteen@calpoly.edu_CalPoly,-120.536561,35.08453474
127,0,126.7,240.1707916,2,iPhone 16e,10,19,35.08456074,-120.5365171,78.9,8/21/2026 23:27,47f46abe-7ae2-49c2-84f8-e53071ead6e0,8.7,,17.7,,,,,,,,,,,,,,,8/21/2026 23:28,hosteen@calpoly.edu_CalPoly,8/21/2026 23:28,hosteen@calpoly.edu_CalPoly,-120.5365171,35.08456074
128,0.3704,34.3,161.349411,2,iPhone 16e,10,19,35.08459315,-120.5364762,79.2,8/21/2026 23:29,1c68bc34-d03b-4704-84d2-9a600afa5a27,8.8,,18.4,,,,,,,,,,,,,,,8/21/2026 23:31,hosteen@calpoly.edu_CalPoly,8/21/2026 23:31,hosteen@calpoly.edu_CalPoly,-120.5364762,35.08459314
129,0,96.8,30.63728333,2,iPhone 16e,10,19,35.08461413,-120.5364394,78,8/21/2026 23:31,ad7861a4-701f-42f3-9e3a-5fb57434c3a2,8.9,,18.5,,,,,,,,,,,,,,,8/21/2026 23:33,hosteen@calpoly.edu_CalPoly,8/21/2026 23:33,hosteen@calpoly.edu_CalPoly,-120.5364394,35.08461413
130,0.1852,48.4,128.141037,2,iPhone 16e,10,19,35.08465124,-120.5363996,81.5,8/21/2026 23:35,04d12d77-2d9f-40c8-9b03-449954bb0220,8.10 _,,16.6,,,,,,,,,,,,,,,8/21/2026 23:35,hosteen@calpoly.edu_CalPoly,8/21/2026 23:39,hosteen@calpoly.edu_CalPoly,-120.5363996,35.08465124
131,0,196.7,267.1622314,2,iPhone 16e,10,19,35.08448284,-120.5365036,81.9,8/21/2026 23:40,9dc2263b-ab28-4919-9b76-fce9d2cb8f7c,8.11,,17.3,,,,,,,,,,,,,,,8/21/2026 23:42,hosteen@calpoly.edu_CalPoly,8/21/2026 23:42,hosteen@calpoly.edu_CalPoly,-120.5365036,35.08448284
132,0.1852,109.6,148.7781067,2,iPhone 16e,10,19,35.08452879,-120.5364612,81.2,8/21/2026 23:42,8884e29c-7d77-474a-8b96-530a4e20c9c8,8.12,,18.3,,,,,,,,,,,,,,,8/21/2026 23:44,hosteen@calpoly.edu_CalPoly,8/21/2026 23:44,hosteen@calpoly.edu_CalPoly,-120.5364612,35.08452879
133,0,60.6,88.77145386,2,iPhone 16e,10,19,35.08455293,-120.5364197,80,8/21/2026 23:45,21a01b4e-2e56-4d70-be40-754514b716fc,8.13,,18.5,,,,,,,,,,,,,,,8/21/2026 23:46,hosteen@calpoly.edu_CalPoly,8/21/2026 23:46,hosteen@calpoly.edu_CalPoly,-120.5364197,35.08455293
134,0,77.2,197.8688812,2,iPhone 16e,10,19,35.08458347,-120.5363833,80.3,8/21/2026 23:47,f0a7cab6-6cc5-4047-a1b8-0244eac58b73,8.14,,16.5,,,2,,,,,,,,,,,,8/21/2026 23:51,hosteen@calpoly.edu_CalPoly,8/21/2026 23:51,hosteen@calpoly.edu_CalPoly,-120.5363833,35.08458347
135,0,97.9,132.0173187,2,iPhone 16e,10,19,35.08460716,-120.5363466,82.6,8/21/2026 23:53,7e4c6374-c1f2-4af9-94eb-6574487ea3d2,8.15,,,,,,,,,,,,,,,,,8/21/2026 23:57,hosteen@calpoly.edu_CalPoly,10/5/2026 20:22,kdavis99@calpoly.edu_CalPoly,-120.5363466,35.08460716
136,0.1852,339.5,275.6489258,2,iPhone 16e,10,19,35.08447382,-120.5364133,83.5,8/21/2026 23:58,b52d3117-c91a-43c6-a1be-c7abbb89afd3,8.16,,15.9,,,,,,,,,,,,,,,8/22/2026 0:00,hosteen@calpoly.edu_CalPoly,8/22/2026 0:00,hosteen@calpoly.edu_CalPoly,-120.5364133,35.08447382
137,0.3704,300.2,277.942627,2,iPhone 16e,10,19,35.08451281,-120.5363745,82.4,8/22/2026 0:00,07c00027-060c-4e62-8aa2-88d12c0eff63,8.17,,18.7,,,,,,,,,,,,,,,8/22/2026 0:02,hosteen@calpoly.edu_CalPoly,8/22/2026 0:02,hosteen@calpoly.edu_CalPoly,-120.5363745,35.08451281
138,,,,1,,,,,,,,47de4c84-837e-4288-8597-1fbdef331f1f,9.1,,21.5,,,,,,,,,,,,,,,9/1/2026 15:44,hosteen@calpoly.edu_CalPoly,9/1/2026 15:44,hosteen@calpoly.edu_CalPoly,-120.5356898,35.08589098
139,0,199.8,61.86865234,2,iPhone 16e,10,19,35.08592277,-120.5356524,84.7,9/1/2026 15:46,61d613e8-6660-4ae5-a67d-e90e8c3c67d2,9.2,2.9,17,,No WT collection available,,,,,,,,,,,,,9/1/2026 15:46,hosteen@calpoly.edu_CalPoly,9/1/2026 16:00,hosteen@calpoly.edu_CalPoly,-120.5356524,35.08592278
140,0.1852,10.4,328.9223938,2,iPhone 16e,10,19,35.08594989,-120.5356098,85.4,9/1/2026 15:55,4a6ec111-26b1-4427-8564-1ef9f3a4b9c6,9.3,,,,,,,,,,,,,,,,,9/1/2026 15:56,hosteen@calpoly.edu_CalPoly,9/1/2026 15:56,hosteen@calpoly.edu_CalPoly,-120.5356098,35.08594989
141,0,35.3,221.6338654,2,iPhone 16e,10,19,35.08598115,-120.5355639,85.3,9/1/2026 16:03,f84a6a73-25bc-4eed-9656-be30fe1c5eed,9.4,,,,,,,,,,,,,,,,,9/1/2026 16:05,hosteen@calpoly.edu_CalPoly,9/1/2026 16:05,hosteen@calpoly.edu_CalPoly,-120.5355639,35.08598115
142,0,52.6,294.8652039,2,iPhone 16e,10,19,35.08580841,-120.5356691,83.2,9/1/2026 16:08,3deb86aa-0ef4-440b-ba6a-54f67ba78cca,9.5,2.8,17.7,,,,,,,,,,,,,,,9/1/2026 16:10,hosteen@calpoly.edu_CalPoly,9/1/2026 16:10,hosteen@calpoly.edu_CalPoly,-120.5356691,35.08580841
143,0,333.9,273.3374023,2,iPhone 16e,10,19,35.08584372,-120.5356409,83.3,9/1/2026 16:10,50a6fd53-a47d-4399-bc05-7dbd00d89262,9.6,,18.4,,,,,,,,,,,,,,,9/1/2026 16:12,hosteen@calpoly.edu_CalPoly,9/1/2026 16:12,hosteen@calpoly.edu_CalPoly,-120.5356409,35.08584372
144,0,262.8,181.2160797,2,iPhone 16e,10,19,35.08588259,-120.535586,84.5,9/1/2026 16:13,446b3378-c70f-4f92-a510-c6db45231fc6,9.7,,20.8,,,,,,,,,,,,,,,9/1/2026 16:15,hosteen@calpoly.edu_CalPoly,9/1/2026 16:15,hosteen@calpoly.edu_CalPoly,-120.535586,35.08588259
145,0.1852,166.6,310.6282043,2,iPhone 16e,10,19,35.08590859,-120.5355569,84.6,9/1/2026 16:17,c0aa4d08-33b1-42c5-b8b4-e536599f3110,9.8,,,,,,,,,,,,,,,,,9/1/2026 16:25,hosteen@calpoly.edu_CalPoly,9/1/2026 16:25,hosteen@calpoly.edu_CalPoly,-120.5355569,35.08590859
146,0,60.2,14.24861908,2,iPhone 16e,10,19,35.08593736,-120.5355121,85.8,9/1/2026 16:26,59a160ac-b51e-44d3-9480-e6a8c23e8101,9.9,,17.3,,,,,,,,,,,,,,,9/1/2026 16:28,hosteen@calpoly.edu_CalPoly,9/1/2026 16:28,hosteen@calpoly.edu_CalPoly,-120.5355121,35.08593736
147,0,92.8,34.55203247,2,iPhone 16e,10,19,35.08577038,-120.5356252,83.5,9/1/2026 16:29,d2928a50-ad6b-494d-8453-c61352f5fac6,9.10 _,,17.8,,,,,,,,,,,,,,,9/1/2026 16:31,hosteen@calpoly.edu_CalPoly,9/1/2026 16:31,hosteen@calpoly.edu_CalPoly,-120.5356252,35.08577038
148,0.1852,221.2,140.1237488,2,iPhone 16e,10,19,35.08580974,-120.5355832,82.8,9/1/2026 16:35,e1e229dd-819f-4174-9c0d-27a4d40668b9,9.11,,,,,,,,,,,,,,,,,9/1/2026 16:35,hosteen@calpoly.edu_CalPoly,9/1/2026 16:35,hosteen@calpoly.edu_CalPoly,-120.5355832,35.08580974
149,,,,1,,,,,,,,b92a6bc6-d37a-4e82-ba8f-ee09aa15eea4,9.12,3,18.1,,,,,,,,,,,,,,,9/1/2026 16:39,hosteen@calpoly.edu_CalPoly,9/1/2026 16:39,hosteen@calpoly.edu_CalPoly,-120.5355248,35.08583823
150,0.1852,346.4,9.974923134,2,iPhone 16e,10,19,35.08586975,-120.5354979,86.9,9/1/2026 16:39,8be55285-3409-4759-b821-5401761a4ae9,9.13,,16.9,,,,,,,,,,,,,,,9/1/2026 16:42,hosteen@calpoly.edu_CalPoly,9/1/2026 16:42,hosteen@calpoly.edu_CalPoly,-120.5354979,35.08586975
151,,,,5,,,,,,,,3a87584b-9fcd-4bbb-b838-12408b3e11ba,9.14,,19.4,,,,,,,,,,,,,,,9/1/2026 16:45,hosteen@calpoly.edu_CalPoly,9/1/2026 16:45,hosteen@calpoly.edu_CalPoly,-120.5354317,35.08591114
152,0,190.2,133.7335968,2,iPhone 16e,10,19,35.08577279,-120.5355289,82.2,9/1/2026 16:47,3989a92e-881e-4c0f-997f-45f8c34611d1,9.15,,23.2,,,,,,,,,,,,,,,9/1/2026 16:49,hosteen@calpoly.edu_CalPoly,9/1/2026 16:49,hosteen@calpoly.edu_CalPoly,-120.5355289,35.08577279
153,0.3704,116.2,170.3432312,2,iPhone 16e,10,19,35.08579712,-120.5354836,83.2,9/1/2026 16:50,448fa5b9-46bd-4c31-b657-3109de87189f,9.17,,17.8,,,,,,,,,,,,,,,9/1/2026 16:52,hosteen@calpoly.edu_CalPoly,9/1/2026 16:54,hosteen@calpoly.edu_CalPoly,-120.5354836,35.08579712
154,0.1852,227.1,145.9981842,2,iPhone 16e,10,19,35.08583041,-120.5354451,84.4,9/1/2026 16:53,c3679963-9819-4248-9515-6ee7fd2ecb46,9.16,,18.5,,,,,,,,,,,,,,,9/1/2026 16:54,hosteen@calpoly.edu_CalPoly,9/1/2026 16:54,hosteen@calpoly.edu_CalPoly,-120.5354451,35.08583041
155,0,0.2,311.1636047,2,iPhone 16e,10,19,35.08623925,-120.5352241,84.1,9/1/2026 17:06,18c0277d-8f8e-4974-a18d-91cadf5a4db3,10.1,,18.7,,,,,,,,,,,,,,,9/1/2026 17:08,hosteen@calpoly.edu_CalPoly,9/1/2026 17:08,hosteen@calpoly.edu_CalPoly,-120.5352241,35.08623925
156,0,342.3,128.5843658,2,iPhone 16e,10,19,35.08626446,-120.5351881,84.6,9/1/2026 17:10,b8d2002b-9ad0-4c72-8e49-a4be478f008a,10.2,,18.6,,,,,,,,,,,,,,,9/1/2026 17:11,hosteen@calpoly.edu_CalPoly,9/1/2026 17:11,hosteen@calpoly.edu_CalPoly,-120.5351881,35.08626446
157,0,266.9,300.4863586,2,iPhone 16e,10,19,35.08629187,-120.5351402,83.7,9/1/2026 17:12,4ab4ec7a-85e8-4faf-9357-a3da30f7a100,10.3,,19,,,,,,,,,,,,,,,9/1/2026 17:14,hosteen@calpoly.edu_CalPoly,9/1/2026 17:14,hosteen@calpoly.edu_CalPoly,-120.5351402,35.08629187
158,0,298.2,251.4697113,2,iPhone 16e,10,19,35.08615645,-120.5352067,85.3,9/1/2026 17:15,78f79039-4156-4c89-a7c8-fc07777b53d1,10.4,,19.3,,,,,,,,,,,,,,,9/1/2026 17:17,hosteen@calpoly.edu_CalPoly,9/1/2026 17:17,hosteen@calpoly.edu_CalPoly,-120.5352067,35.08615645
159,0,50.1,327.3173218,2,iPhone 16e,10,19,35.08618148,-120.5351699,84.1,9/1/2026 17:19,9e9dff6b-eec1-43ef-b2a6-1effd64232a8,10.5,,,,,,,,,,,,,,,,,9/1/2026 17:20,hosteen@calpoly.edu_CalPoly,9/1/2026 17:20,hosteen@calpoly.edu_CalPoly,-120.5351699,35.08618148
160,0.3704,140.4,140.9545746,2,iPhone 16e,10,19,35.08622172,-120.5351222,85.7,9/1/2026 17:21,dd4ba236-92d8-4a73-8efa-5d829c2e0ced,10.6,,16.6,,,,,,,,,,,,,,,9/1/2026 17:22,hosteen@calpoly.edu_CalPoly,9/1/2026 17:22,hosteen@calpoly.edu_CalPoly,-120.5351222,35.08622172
161,0,325.5,6.576044083,2,iPhone 16e,10,19,35.08624159,-120.5350833,83.8,9/1/2026 17:24,6fbbc9b5-8e77-49d7-879b-c5f1067969d1,10.7,,18.7,,,,,,,,,,,,,,,9/1/2026 17:26,hosteen@calpoly.edu_CalPoly,9/1/2026 17:26,hosteen@calpoly.edu_CalPoly,-120.5350833,35.08624159
162,0.3704,62.1,56.83034515,2,iPhone 16e,10,19,35.086284,-120.5350353,82.6,9/1/2026 17:27,9e738b11-65d8-463d-95ba-2b72f5063051,10.8,,21,,,,,,,,,,,,,,,9/1/2026 17:28,hosteen@calpoly.edu_CalPoly,9/1/2026 17:28,hosteen@calpoly.edu_CalPoly,-120.5350353,35.086284
163,0,147.3,226.8119354,2,iPhone 16e,10,19,35.08611836,-120.5351564,85.7,9/1/2026 17:31,2aa986ef-b254-4574-a998-457b0d221304,10.9,,17.4,,,,,,,,,,,,,,,9/1/2026 17:32,hosteen@calpoly.edu_CalPoly,9/1/2026 17:32,hosteen@calpoly.edu_CalPoly,-120.5351564,35.08611836
164,0,207.3,159.3361206,2,iPhone 16e,10,19,35.08615307,-120.5351164,84.4,9/1/2026 17:33,43ec5e2c-4f23-467f-ae73-395994867cb0,10.10 _,,21.1,,,,,,,,,,,,,,,9/1/2026 17:35,hosteen@calpoly.edu_CalPoly,9/1/2026 17:35,hosteen@calpoly.edu_CalPoly,-120.5351164,35.08615307
166,0.1852,220.8,179.9503479,2,iPhone 16e,10,19,35.08618619,-120.5350732,84.8,9/1/2026 17:38,4bd7b422-a642-4937-b884-fb0f2b46317c,10.11,,19.3,,,,,,,,,,,,,,,9/1/2026 17:39,hosteen@calpoly.edu_CalPoly,9/1/2026 17:39,hosteen@calpoly.edu_CalPoly,-120.5350732,35.08618619
167,0.3704,150,159.4002075,2,iPhone 16e,10,19,35.08621682,-120.5350197,83.9,9/1/2026 17:41,78753782-dc55-4148-bf80-8e6249d051ee,10.12,,16.9,,,,,,,,,,,,,,,9/1/2026 17:43,hosteen@calpoly.edu_CalPoly,9/1/2026 17:43,hosteen@calpoly.edu_CalPoly,-120.5350197,35.08621682
168,0.1852,13.2,134.284668,2,iPhone 16e,10,19,35.08624334,-120.5349864,84.2,9/1/2026 17:44,a153c28c-f133-43e8-bedb-e5e682c9befe,10.13,,17.5,,,,,,,,,,,,,,,9/1/2026 17:45,hosteen@calpoly.edu_CalPoly,9/1/2026 17:45,hosteen@calpoly.edu_CalPoly,-120.5349864,35.08624334
169,0.1852,206.4,241.6684418,2,iPhone 16e,10,19,35.08611357,-120.5350604,86,9/1/2026 17:47,14ceaba3-8b0b-4c4d-b356-1ad4ad83b8cf,10.14,,20.7,,,,,,,,,,,,,,,9/1/2026 17:49,hosteen@calpoly.edu_CalPoly,9/1/2026 17:49,hosteen@calpoly.edu_CalPoly,-120.5350604,35.08611357
170,0.1852,217.4,291.6442261,2,iPhone 16e,10,19,35.08614574,-120.5350152,85.1,9/1/2026 17:49,7d9bd0c8-e37a-4e89-8161-0bdd923ada3a,10.15,3,16.5,,,,,,,,,,,,,,,9/1/2026 17:52,hosteen@calpoly.edu_CalPoly,9/1/2026 17:52,hosteen@calpoly.edu_CalPoly,-120.5350152,35.08614574
173,0,270.4,291.3266907,2,iPhone 16e,10,19,35.08533242,-120.5357256,79.7,9/22/2026 15:59,936e51a9-bbd4-4698-b510-b65dae403d53,OUS1 F6,,,,,,,,,,,,,,,,,9/22/2026 16:00,hosteen@calpoly.edu_CalPoly,9/22/2026 16:01,hosteen@calpoly.edu_CalPoly,-120.5357256,35.08533242
174,0,207.7,62.68638611,2,iPhone 16e,10,19,35.08472242,-120.536679,78.3,9/22/2026 17:08,a62dbaf2-4148-4c7e-a25a-5989886832fd,Wind turbine height test,13.7,,,"13.7-measured to top of plane, 11- measured  to top of tower ",,,,,,,,,,,,,9/22/2026 17:08,hosteen@calpoly.edu_CalPoly,9/22/2026 17:09,hosteen@calpoly.edu_CalPoly,-120.536679,35.08472242
175,0,323.8,334.4695435,2,iPhone 16e,10,19,35.08407794,-120.5377171,81.5,9/22/2026 17:26,1f628879-58ad-489f-aeb3-ccbed69fe879,Tall eucalyptus test ,21,51.2,,,,,,,,,,,,,,,9/22/2026 17:27,hosteen@calpoly.edu_CalPoly,9/22/2026 17:33,hosteen@calpoly.edu_CalPoly,-120.5377171,35.08407794
176,0,355.9,357.2298279,2,iPhone 16e,10,19,35.08527805,-120.5352189,86.9,10/4/2026 16:15,41a62533-7de6-491b-99e0-59cf8570c43b,3.a,,16.8,,,,,,,,,,,,,,,10/4/2026 16:18,hosteen@calpoly.edu_CalPoly,10/4/2026 16:18,hosteen@calpoly.edu_CalPoly,-120.5352189,35.08527805
177,0.1852,61.7,129.3222351,2,iPhone 16e,10,19,35.08527733,-120.5351193,86,10/4/2026 16:20,a53964a8-3fa3-4fca-add3-b9a8af5e8eff,3.b,,18.3,,,,,,,,,,,,,,,10/4/2026 16:22,hosteen@calpoly.edu_CalPoly,10/4/2026 16:22,hosteen@calpoly.edu_CalPoly,-120.5351193,35.08527733
178,0.5556,175.1,155.435318,2,iPhone 16e,10,19,35.08523969,-120.5350685,86.7,10/4/2026 16:23,183fc261-45d3-4f8f-9ca9-640e1ff8d259,3.c,2.9,18.8,,,,,,,,,,,,,,,10/4/2026 16:25,hosteen@calpoly.edu_CalPoly,10/4/2026 16:25,hosteen@calpoly.edu_CalPoly,-120.5350685,35.08523969
179,0.1852,127.2,49.00891876,2,iPhone 16e,10,19,35.08553217,-120.5348778,86.9,10/4/2026 16:28,20dd90ad-9430-4560-af21-6f5d3b95855c,4.a,,24.9,,,,,,,,,,,,,,,10/4/2026 16:30,hosteen@calpoly.edu_CalPoly,10/4/2026 16:30,hosteen@calpoly.edu_CalPoly,-120.5348778,35.08553217
180,0.1852,267.8,228.1152802,2,iPhone 16e,10,19,35.08563002,-120.5347424,87,10/4/2026 16:32,50798cd4-75d5-4c6e-8b3a-f1894272a879,4.b,,17.8,,,,,,,,,,,,,,,10/4/2026 16:33,hosteen@calpoly.edu_CalPoly,10/4/2026 16:33,hosteen@calpoly.edu_CalPoly,-120.5347424,35.08563002
181,0.1852,126,216.6858673,2,iPhone 16e,10,19,35.0856215,-120.5346558,87.1,10/4/2026 16:34,ff9f9e6c-0136-4ee9-9cdb-00febbc3386b,4.c,,15,,,,,,,,,,,,,,,10/4/2026 16:37,hosteen@calpoly.edu_CalPoly,10/4/2026 16:37,hosteen@calpoly.edu_CalPoly,-120.5346558,35.0856215
182,0.5556,156.1,121.7311096,2,iPhone 16e,10,19,35.08558372,-120.5346053,87.9,10/4/2026 16:37,518e27cc-e1a7-41fd-9085-e8a97b00c097,4.d,2.9,20,,,,,,,,,,,,,,,10/4/2026 16:39,hosteen@calpoly.edu_CalPoly,10/4/2026 16:39,hosteen@calpoly.edu_CalPoly,-120.5346053,35.08558372
183,0.1852,229.7,235.1378937,2,iPhone 16e,10,19,35.08576754,-120.5350969,84.5,10/4/2026 16:43,fe38fc8d-30ba-42b6-8254-f80def577f39,5.a,,16.6,,,,,,,,,,,,,,,10/4/2026 16:45,hosteen@calpoly.edu_CalPoly,10/4/2026 16:45,hosteen@calpoly.edu_CalPoly,-120.5350969,35.08576754
184,0.1852,100.9,228.3615112,2,iPhone 16e,10,19,35.08580103,-120.5350633,85.2,10/4/2026 16:46,cfa16a36-3057-4e2d-98ce-26132b14fedd,5.b,,18,,,,,,,,,,,,,,,10/4/2026 16:48,hosteen@calpoly.edu_CalPoly,10/4/2026 16:48,hosteen@calpoly.edu_CalPoly,-120.5350633,35.08580103
185,0.1852,111.9,119.3696899,2,iPhone 16e,10,19,35.08576549,-120.535015,84.7,10/4/2026 16:50,8ac2c6ab-a7fc-4c8b-b3fb-98f30b24cc76,5.c,,18.1,,,,,,,,,,,,,,,10/4/2026 16:52,hosteen@calpoly.edu_CalPoly,10/4/2026 16:52,hosteen@calpoly.edu_CalPoly,-120.535015,35.08576549
186,0.3704,249.5,237.925827,2,iPhone 16e,10,19,35.08570689,-120.5349441,86.6,10/4/2026 16:54,46c561c8-a21e-494a-8060-7f8546784af5,5.d,,16,,,,,,,,,,,,,,,10/4/2026 16:58,hosteen@calpoly.edu_CalPoly,10/4/2026 16:58,hosteen@calpoly.edu_CalPoly,-120.5349441,35.08570689
187,0,137.7,85.40042114,2,iPhone 16e,10,19,35.08542217,-120.5355787,82,10/4/2026 17:08,dc6ccdd4-0e50-4c57-850f-1e084edf8623,6.a,,15.9,,,,,,,,,,,,,,,10/4/2026 17:10,hosteen@calpoly.edu_CalPoly,10/4/2026 17:10,hosteen@calpoly.edu_CalPoly,-120.5355787,35.08542217
188,0,145.1,176.32547,2,iPhone 16e,10,19,35.08541939,-120.5354745,83.1,10/4/2026 17:12,62ed4a29-4fd8-4b65-b78c-7b31965e62b5,6.b,,20,,,,,,,,,,,,,,,10/4/2026 17:14,hosteen@calpoly.edu_CalPoly,10/4/2026 17:14,hosteen@calpoly.edu_CalPoly,-120.5354745,35.08541939
189,0.3704,94.1,231.1029816,2,iPhone 16e,10,19,35.08537108,-120.5354042,81.7,10/4/2026 17:15,17ff3b63-db53-45e1-add1-2d2bd00c6a06,6.c,,17.7,,,,,,,,,,,,,,,10/4/2026 17:20,hosteen@calpoly.edu_CalPoly,10/4/2026 17:20,hosteen@calpoly.edu_CalPoly,-120.5354042,35.08537108
190,0.5556,182.9,130.3457489,2,iPhone 16e,10,19,35.08530532,-120.535406,81.2,10/4/2026 17:39,1c1a44c4-1c69-4386-86f7-a1ce508a788e,6.d,,19.7,,,,,,,,,,,,,,,10/4/2026 17:42,hosteen@calpoly.edu_CalPoly,10/4/2026 17:42,hosteen@calpoly.edu_CalPoly,-120.535406,35.08530532
191,0,43.9,86.85910034,2,iPhone 16e,10,19,35.08636563,-120.5350628,81.9,10/4/2026 17:46,ddc1274a-80f2-4aab-8887-d652025dfbc1,10.a,,19,,,,,,,,,,,,,,,10/4/2026 17:48,hosteen@calpoly.edu_CalPoly,10/4/2026 17:48,hosteen@calpoly.edu_CalPoly,-120.5350628,35.08636563
192,0.3704,124.3,141.8543396,2,iPhone 16e,10,19,35.0863257,-120.5349947,81.9,10/4/2026 17:49,a998821d-2a53-4471-ac86-3c805d3334ec,10.b,,18.4,,,,,,,,,,,,,,,10/4/2026 17:51,hosteen@calpoly.edu_CalPoly,10/4/2026 17:51,hosteen@calpoly.edu_CalPoly,-120.5349947,35.0863257
193,0.1852,236.8,348.0891418,2,iPhone 16e,10,19,35.08627879,-120.5349421,83.7,10/4/2026 17:51,246dbb55-8a1e-4e7f-ae31-f0f51b9e7562,10.c,,19.5,,,,,,,,,,,,,,,10/4/2026 17:54,hosteen@calpoly.edu_CalPoly,10/4/2026 17:54,hosteen@calpoly.edu_CalPoly,-120.5349421,35.08627879
194,0.1852,207.5,288.4159546,2,iPhone 16e,10,19,35.0860273,-120.5355289,84.8,10/4/2026 17:59,7bb53196-595a-48b9-bb28-b63a02f962a9,9.a,,,,,,,,,,,,,,,,,10/4/2026 17:59,hosteen@calpoly.edu_CalPoly,10/4/2026 17:59,hosteen@calpoly.edu_CalPoly,-120.5355289,35.0860273
195,0.1852,193,344.4260254,2,iPhone 16e,10,19,35.08597232,-120.5354604,84.7,10/4/2026 18:01,1e5e40b0-f321-456c-90d5-e95e368b39a6,9.b,,15,,,,,,,,,,,,,,,10/4/2026 18:04,hosteen@calpoly.edu_CalPoly,10/4/2026 18:04,hosteen@calpoly.edu_CalPoly,-120.5354604,35.08597232
196,0,129.4,281.5035095,2,iPhone 16e,10,19,35.0859362,-120.535411,84.6,10/4/2026 18:05,6284079f-201b-4ad5-bdda-04ca0c788f7d,9.c,,15.8,,,,,,,,,,,,,,,10/4/2026 18:06,hosteen@calpoly.edu_CalPoly,10/4/2026 18:06,hosteen@calpoly.edu_CalPoly,-120.535411,35.0859362
197,0.5556,190.5,248.7120361,2,iPhone 16e,10,19,35.08586528,-120.5354044,83.8,10/4/2026 18:07,2edf239e-f3d7-4499-87ee-c1e2b478f02c,9.d,3.1,18.4,,,,,,,,,,,,,,,10/4/2026 18:08,hosteen@calpoly.edu_CalPoly,10/4/2026 18:08,hosteen@calpoly.edu_CalPoly,-120.5354044,35.08586528
198,0.5556,88.6,127.4894791,2,iPhone 16e,10,19,35.08468373,-120.5365926,78.3,10/4/2026 18:55,177110bf-a1ec-4ce1-9e9d-592e82f6e027,8.a,,18.1,,,,,,,,,,,,,,,10/4/2026 18:57,hosteen@calpoly.edu_CalPoly,10/4/2026 18:57,hosteen@calpoly.edu_CalPoly,-120.5365926,35.08468373
199,0.1852,34.9,100.5095139,2,iPhone 16e,10,19,35.08470484,-120.536556,78.2,10/4/2026 18:58,097a3b77-0fc8-4c2f-85ef-25535ab3a333,8.b,,20.4,,,,,,,,,,,,,,,10/4/2026 18:59,hosteen@calpoly.edu_CalPoly,10/4/2026 18:59,hosteen@calpoly.edu_CalPoly,-120.536556,35.08470484
200,0.3704,31.1,55.84227753,2,iPhone 16e,10,19,35.08474027,-120.5365195,78.4,10/4/2026 19:00,7e7c9ad0-c1c7-417e-bb24-709b17c889e8,8.c,,17.4,,,,,,,,,,,,,,,10/4/2026 19:02,hosteen@calpoly.edu_CalPoly,10/4/2026 19:02,hosteen@calpoly.edu_CalPoly,-120.5365195,35.08474027
201,0.1852,110.1,141.0996094,2,iPhone 16e,10,19,35.08473812,-120.5364193,80,10/4/2026 19:02,2e1a8f2a-2a38-493d-aae3-e62ad14f2597,8.d,,19.3,,,,,,,,,,,,,,,10/4/2026 19:06,hosteen@calpoly.edu_CalPoly,10/4/2026 19:06,hosteen@calpoly.edu_CalPoly,-120.5364193,35.08473812
202,0.5556,157.5,159.2314301,2,iPhone 16e,10,19,35.08468852,-120.5363555,82.3,10/4/2026 19:11,b51aaea7-aab1-4a71-9cbf-d3072b1c063a,8.e,,17.8,,,,,,,,,,,,,,,10/4/2026 19:13,hosteen@calpoly.edu_CalPoly,10/4/2026 19:13,hosteen@calpoly.edu_CalPoly,-120.5363555,35.08468852
203,0.3704,151.8,99.04217529,2,iPhone 16e,10,19,35.08508265,-120.5360431,79.4,10/4/2026 19:15,56b59432-4605-479b-9515-67ba28210328,7.b,,18.4,,,,,,,,,,,,,,,10/4/2026 19:17,hosteen@calpoly.edu_CalPoly,10/4/2026 19:17,hosteen@calpoly.edu_CalPoly,-120.5360431,35.08508265
204,0.1852,165.9,115.5755844,2,iPhone 16e,10,19,35.08505472,-120.536081,79.5,10/4/2026 19:18,bf177a57-350e-42e2-bd91-0da437fba051,7.a,,18.1,,,,,,,,,,,,,,,10/4/2026 19:20,hosteen@calpoly.edu_CalPoly,10/4/2026 19:20,hosteen@calpoly.edu_CalPoly,-120.536081,35.08505472
205,0.3704,106.3,24.3112545,2,iPhone 16e,10,19,35.08495587,-120.5358721,81.8,10/4/2026 19:21,5fd53596-fcf2-4478-9a68-2d8cda271598,7.c,2.5,16,,,,,,,,,,,,,,,10/4/2026 19:22,hosteen@calpoly.edu_CalPoly,10/4/2026 19:22,hosteen@calpoly.edu_CalPoly,-120.5358721,35.08495587
206,0.1852,293.4,214.9561768,2,iPhone 16e,10,19,35.08446158,-120.5362218,78.4,10/4/2026 20:24,3c549049-3a23-4556-942d-2d727c5800a8,11.1,,17.4,,,,,,,,,,,,,,,10/4/2026 20:24,hosteen@calpoly.edu_CalPoly,10/4/2026 20:24,hosteen@calpoly.edu_CalPoly,-120.5362218,35.08446158
207,1.1112,106.4,164.6378174,2,iPhone 16e,10,19,35.08449892,-120.5361929,83.3,10/4/2026 20:25,6571d6f7-fb86-4e80-89db-924724600778,11.2,,16.9,,,,,,,,,,,,,,,10/4/2026 20:27,hosteen@calpoly.edu_CalPoly,10/4/2026 20:27,hosteen@calpoly.edu_CalPoly,-120.5361929,35.08449892
208,0.7408,98,192.9740143,2,iPhone 16e,10,19,35.08453016,-120.5361431,84.5,10/4/2026 20:27,14f36ba9-e78c-41c0-8620-40ab9be8d3e4,11.3,2.5,17.4,,,,,,,,,,,,,,,10/4/2026 20:30,hosteen@calpoly.edu_CalPoly,10/4/2026 20:30,hosteen@calpoly.edu_CalPoly,-120.5361431,35.08453016
209,0.3704,18.2,330.1903992,2,iPhone 16e,10,19,35.08455851,-120.5361036,85.6,10/4/2026 20:30,c5c91783-8da7-4519-802d-e6eb39bb2ff5,11.4,,14.6,,,,,,,,,,,,,,,10/4/2026 20:33,hosteen@calpoly.edu_CalPoly,10/4/2026 20:33,hosteen@calpoly.edu_CalPoly,-120.5361036,35.08455851
210,0.3704,23.4,244.7925568,2,iPhone 16e,10,19,35.08439777,-120.5362167,84.9,10/4/2026 20:34,1fbc596d-cc39-4d02-abfa-cf4f562b5a8c,11.5,,16.8,,,,,,,,,,,,,,,10/4/2026 20:36,hosteen@calpoly.edu_CalPoly,10/4/2026 20:36,hosteen@calpoly.edu_CalPoly,-120.5362167,35.08439777
211,0.1852,58.1,89.85744476,2,iPhone 16e,10,19,35.08443214,-120.5361844,82.9,10/4/2026 20:37,57436f44-1e27-47ba-a602-81c94ab2f813,11.6,,14.4,,,,,,,,,,,,,,,10/4/2026 20:39,hosteen@calpoly.edu_CalPoly,10/4/2026 20:39,hosteen@calpoly.edu_CalPoly,-120.5361844,35.08443214
212,0.5556,47.7,85.10919952,2,iPhone 16e,10,19,35.08445814,-120.5361371,85.5,10/4/2026 20:40,b39f5582-e090-4ca3-b99c-07932239c884,11.7,,14.2,,,,,,,,,,,,,,,10/4/2026 20:42,hosteen@calpoly.edu_CalPoly,10/4/2026 20:42,hosteen@calpoly.edu_CalPoly,-120.5361371,35.08445814
213,1.1112,37.8,71.27735138,2,iPhone 16e,10,19,35.08448102,-120.5360925,85.2,10/4/2026 20:43,0bc5134f-c076-45b2-984f-2c735c341b22,11.8,,14.1,,,,,,,,,,,,,,,10/4/2026 20:45,hosteen@calpoly.edu_CalPoly,10/4/2026 20:45,hosteen@calpoly.edu_CalPoly,-120.5360925,35.08448102
214,0.1852,21.7,354.1777344,2,iPhone 16e,10,19,35.08451792,-120.5360508,85.1,10/4/2026 20:45,ed33e9a5-8a7f-4099-b7dd-ad3c75edb662,11.9,,17.7,,,,,,,,,,,,,,,10/4/2026 20:47,hosteen@calpoly.edu_CalPoly,10/4/2026 20:47,hosteen@calpoly.edu_CalPoly,-120.5360508,35.08451792
215,0.5556,41.5,319.7041931,2,iPhone 16e,10,19,35.08454523,-120.5360077,85.7,10/4/2026 20:47,79a1870a-6b23-4c22-a7ad-6664a3a15df0,11.10 _,,14.1,,,,,,,,,,,,,,,10/4/2026 20:49,hosteen@calpoly.edu_CalPoly,10/4/2026 20:49,hosteen@calpoly.edu_CalPoly,-120.5360077,35.08454523
